笔记标题,笔记链接,用户ID,用户名,头像链接,IP属地,笔记发布时间,笔记收藏数量,笔记评论数量,笔记点赞数量,笔记转发数量,笔记内容
新繁📍走着走着就到外南街了,https://www.xiaohongshu.com/explore/66250184000000000d033ecb,6097859a0000000001009627,想做张杰老婆的每一天👑,https://sns-avatar-qc.xhscdn.com/avatar/1040g2jo311rsfgh40s005o4ngmd095h7a3op7ho,四川,2024.04.21,125,26,302,10,走过同一段路 也算是跨时空的见面[打卡R]张杰套餐替大家尝过了	（ps：陈妹小吃阿姨会问你是不是打卡的，建议说不是，单点那三样，可以吃的饱一点）[集美R]外南街替大家走过了p8是逛完的手绘小地图（别嫌丑）杰哥的老家就在那一圈 都不远要去的星星别绕路啦[偷笑R]
新繁｜一人一日紧急出行 🤦‍♂️,https://www.xiaohongshu.com/explore/64a7cdad000000003500942f,640750be000000002901666d,阿沸阿沸飞,https://sns-avatar-qc.xhscdn.com/avatar/2b4cefbb01e0a0824f5c173dde7f98b2.jpg,未知,2023.07.07,76,22,85,40,突然空出来的一天，连夜做攻略去一个近一点的地方把时间用掉。百度查了一下，曾经的新繁是一个县，公元1965年，新繁县并入新都县。县城繁江镇改称新都区新繁镇。2019年12月23日改新繁街道。现如今所属于成都市新都区。[飞机R]关于交通	距离成都市区不远不近得一个地方，如果不是自驾不太建议前往，接近两个小时的公交坐到我怀疑人生，幸好三十多度的天气下公交车是有空调的。[仙女R]关于景点■新繁东湖景区推荐指数：🌟🌟🌟🌟地址：新都区新繁街道正西街112号门票：2 元/人	■观音阁推荐指数：🌟🌟地址：新都区繁崇路58(繁城苑附近)门票：免费🆓	[啤酒R]关于食物■新繁夏豆花推荐指数：🌟🌟地址：新都区外西街7号消费：8 元单臊，12 元双臊	■秦蹄花（繁江中路店）推荐指数：🌟🌟🌟地址：新都区繁江中路50号消费：36 元/份	■黄记豆瓣抄手(总店)	推荐指数：🌟🌟🌟🌟地址：新都区正东街120-122号消费：7 元（9 个）	■新都陈记粉蒸牛肉(新繁二店)推荐指数：🌟🌟🌟地址：新都区东环路176号书院府邸消费：7（牛肉）+7（肥肠）+1（打包盒）=15	[清单R]打个总结，选择这里的另一个原因，是因为这还是张杰的老家，虽然不是他的粉，想着反正离这么近，有机会高低要来看一看了。但实践证明，离得近不代表交通就方便，如果不是能自驾，自己一个人做公交或地铁还是不太推荐来了，如果是张杰粉，可以参考其他人的打卡建议。我这篇主打就是一个劝退了呜呜呜[暗中观察R]（题外话）一开始觉得这一趟好疲惫又没什么好玩的，拖了一个星期都想要放弃写这篇总结了。但总觉得既然来都来了，好的坏的都还是要记录一些的。现在写完后发现瞬间心情就好了嘻嘻嘻，不管好坏，都是经历嘛～祝大家生活愉快，逍遥自在～	       @生活薯
设计图纸 I 市集蕴新生，龙藏牵通衢,https://www.xiaohongshu.com/explore/64ef7a64000000001e03e763,5dd0e449000000000100bf1d,毛毛设计工坊,https://sns-avatar-qc.xhscdn.com/avatar/5f42a27d4614f90001f01819.jpg,未知,2023.08.31,5,0,16,2,"作品名称：市集蕴新生，龙藏牵通衢——新繁镇龙藏寺片区城市设计设计说明：设计场地位于成都市新都区新繁镇,地块内有古龙藏寺作为中心，内部多乡村农田，有城镇分布其中,经济发展水平低下。设计从场地内部人群可视化需求为出发点,结合上位对地块的集市规划、场地内部的赶集文化,运用当地龙藏寺文化、特色民俗、社区情感交流，用“集市”的概念作为载体,形成龙藏寺周边的“文创集市”、社区生活的“情感集市”、乡间林盘的“民俗集市”,贯穿古今，孕育新生。图纸来源：未来设计师大赛官网"
📍打卡杰哥老家成都市新都区新繁镇,https://www.xiaohongshu.com/explore/658fa0ac000000001101efd5,5b8288bcd24e1000010d00fe,万事如意,https://sns-avatar-qc.xhscdn.com/avatar/1040g2jo30t3krattjq004akbdm4bo07ukl4s6h0,未知,2023.12.30,21,17,133,16,我来到你的城市，听着《外南街小孩》，走走你曾经生活过的外南街，看看你曾经学习的地方，品尝一下你吃过的三件套套餐和米线，体会一下这里的风士人情。
在成都新繁，来个聊天搭子呗,https://www.xiaohongshu.com/explore/661de0dc000000001a014dab,5b1e4f65e8ac2b2c15f210fd,卡啊拉巴,https://sns-avatar-qc.xhscdn.com/avatar/5f105a0125607f00014bc489.jpg,四川,2024.04.16,0,8,3,0,坐标成都新繁镇，四川其他市来这边工作的，每次休息都是一个人待着，感觉已经不会说话了[哭惹R]有没有跟我一样情况的，来组个搭子，平时放假可以说说话或者一起去周边逛逛散步啥的，如果住的近可以下午下班去散散步啥的（跑步骑行都可以！）本人情况如下：00的，女，去年毕业的，希望搭子是女生，年纪差不多（差太多容易没共同语言[笑哭R]），有点内向社恐，熟了屁话多（有分寸感那种哈），有边界感，不会莫名其妙自来熟（也希望对方不要过于自来熟——尤其喜欢刨根问底窥探别人隐私的那种）
国内仅存的两座唐代园林之一—东湖公园,https://www.xiaohongshu.com/explore/64fd9172000000001f03b191,5f5a2ef50000000001004e21,陶秀秀,https://sns-avatar-qc.xhscdn.com/avatar/1040g2jo30v92lt1hl6b05nqq5rqg8jh12b9n7hg,未知,2023.09.10,22,2,25,16,新繁东湖公园是深藏在小镇里的一座古代园林，是现全国仅保存的两座唐代园林之一，由中晚唐名相李德裕任西川节度使时修建。唐代园林能够保存至今也是一个奇迹。	园林玲珑剔透，布局严谨，蜿蜒曲折，一步一景。园中的李德裕生平展示堂也值得仔细浏览，伴随着中晚唐时期的政治风云，一代名相精彩纷呈，跌宕起伏的一生尽显无遗。
成都新繁家具避雷！！,https://www.xiaohongshu.com/explore/662631cb0000000004018222,59005b097fc5b8240d450d6c,💗Moya💗,https://sns-avatar-qc.xhscdn.com/avatar/1040g2jo30qcpcc5d020049efhldgi3bcneqlqdo,四川,2024.04.22,1,5,2,1,在成都新繁一家叫阿诗琦的店，花1.8w买了4样家具，3样有问题。本来是2w买了5样，退了一样。退的也有问题，千万千万不要去买！！真的是装修以来最大的坑！！！滑铁卢！！！
看看新都和新繁的关系到底怎么回事,https://www.xiaohongshu.com/explore/650bfe3d000000001f005450,64e5b83b000000000100f210,袁庭栋,https://sns-avatar-qc.xhscdn.com/avatar/1040g2jo30o410s1jim005p75n0tg9sgghkoksv0,未知,2023.09.21,35,15,134,36,
成都｜新繁City walk 跟着张杰重走外南街,https://www.xiaohongshu.com/explore/64ccc1e8000000000103c56e,5ba7e4abbc0bc6000146ef6c,阿璇_x,https://sns-avatar-qc.xhscdn.com/avatar/1040g2jo30tb8e5oak40g4b4nksianrrcsr6f8t8,未知,2023.08.04,768,54,824,195,旅行到成都百无聊赖，心血来潮决定打卡一下耳机里的外南街，来一场只属于星星的新繁citywalk。	🚌交通：成都地铁5号线坐到B口，转公交X72路，约40分钟到繁江大道中段站。	🕛耗时：按照下面路线的话2小时足够拍完逛完，加上往返建议是留个小半天差不多。（注意有些地方的导航是不准的，建议还是照着P2的路线能少走弯路。旅行可以早上睡到自然醒过来吃午饭，吃完逛完回城还能赶上晚饭。	👣路线：1⃣️新都二中来新繁的第一站，在校门口打个卡啦。谁小时候没在快乐大本营上看过张杰模仿教导主任啊！2⃣️郝记牛肉米线店子已经转手啦不是张哥家人在打理，但是里面装潢还保持如旧，还剩两幅海报可以打个卡。本来想说纯拍照怪不好意思的要不还是买份凉糕吧，可惜当天也没货了。不过老板还是大大方方让我拍了不少照。3⃣️繁江小学小学的大门就在米线店往里走20米，不要跟导航，导航会绕远路。当时距离近到我在想，小学的时候张哥一定是孩子王吧，谁不羡慕放学时校门口就是自家小店的小孩。4⃣️陈妹小吃（繁江中路店）打完小学和米线店的卡原路走出来，在巷口右拐几十米就是陈妹小吃，奇妙之城中张杰和表姐吃面的地方。比起米线店我会更推荐在这里吃午饭，水饺牛肉面都便宜大碗。有专门的张杰套餐，是红油水饺，抄手，牛肉面，三件套一共30，女生一个人是完全吃不完的。如果一定要三选一的话我大力推荐红油水饺，调的酱是甜水面的口感，不辣，很香，好吃到我当场在全平台做宣传。店子不大，当天人很少，孃孃还很热心招呼我要不要坐张哥同款座位hhh5⃣️老工房大院微博里找老房子时拍的黑白照片，沿着正南街找维也纳酒店，看到左前方的幼儿园左拐进巷子里，一路直走就能找到了。墙上的画在小区内，打卡的话尽量不要影响当地居民啦。6⃣️外南街从老房子回到维也纳，右手边的路就是外南街。外南街牌子在接近回丰路的地方。值得注意的是外南街19号的牌子在一家忘记什么店的小招牌后面了，可能不好找。但是82号还是很好找的，可以手动1982一下。7⃣️其他电线杆/砖瓦/老屋这些我就没有专门去找，不过照着张哥的说法电线杆是线最多的中转站，有余力的天体可以找一下	回市区后去了锦里，礼貌性打卡了一下据说是他第一次驻唱的莲花府邸，就结束这一天啦。
新繁东湖公园+观音阁+美食,https://www.xiaohongshu.com/explore/65fb06160000000012020eba,5c7096aa000000001000ee1a,Kunsang Choedon,https://sns-avatar-qc.xhscdn.com/avatar/1040g2jo30ukhnkjol86g5n3giql41rgq2u268ug,未知,2024.03.20,5,11,6,5,东湖公园虽然精致，但真的很小，很快就逛完了。所以过来玩的朋友，还可以加点别的项目，比如打卡新繁的各种小吃[偷笑R]。
新繁龙藏寺，不为人知的数个之最（上）,https://www.xiaohongshu.com/explore/6565cde7000000003a00e5d0,6455cbfa00000000290162f6,锦点,https://sns-avatar-qc.xhscdn.com/avatar/1040g2jo30qibef4302005p2lpftaaonm8nkvvgg,未知,2023.11.28,12,6,14,1,‼️在成都，相比较文殊院、昭觉寺等寺院，位于新繁的龙藏寺似乎很少出现在人们视野。但作为一座拥揽极其丰富文物资源的宝藏古刹，它在岁月的磨练中将文化底蕴酝酿地愈发深厚。	‼️其次，鲜为人知的是，它还是川西少有的园林寺寺院，甚至被列为国家二级保护鸟类白鹭的栖息地。虽然目前龙藏寺还未开放，但小锦也来带大家了解一下它的数个“之最”！	👉石狮二道山门前的一对石狮，为川西保存最大最完好的一对石狮之一，通高3.5米，建于清道光九年（1829年），耗费铜钱51.3万，下方须弥座雕刻麒麟、瓶鼎琴剑等精美图案。	👉“善超诸有”木匾清同治十三年（1874年）寺院传戒时，川西二十大名寺共送“善超诸有”木匾一块，现于二道山门上悬挂。二十大名寺包括成都文殊院、昭觉寺、大慈寺、草堂寺、什邡罗汉寺、新津观音寺、新都宝光寺、彭州龙兴寺等，由此也可龙藏寺在川西佛教的显赫地位。	👉龙藏寺碑林龙藏寺碑林为西南地区最大最精美的书法碑林，川西第一碑林。原有200余通，以妙音阁为碑林中心，现剩100余通，包括自唐宋以来历代名家的碑刻。20世纪末，龙藏寺碑林的绝大多数碑被搬迁到新都升庵桂湖，其余部分碑刻搬至宝光寺等处。	👉明代壁画龙藏寺尚存最古老的大殿为大雄殿，建于明成化元年（1465年），殿内左右壁及横壁有着九铺共计114平米的明代壁画，题材包括天龙八部、善财童子五十三参、华严经等，为四川明代壁画内容最丰富的一处。	可惜近二十年因缺少保护经费，壁画脱落严重。2019年，龙藏寺升级为全国重点文物保护单位后，由敦煌文保所进行壁画抢救性病害处理。
,https://www.xiaohongshu.com/explore/6624d7870000000004018e1b,64f700270000000005002215,『梁柏雨』,https://sns-avatar-qc.xhscdn.com/avatar/1040g2jo311caj9hf6a6g5p7n00jh88gl26gi7oo,四川,2024.04.21,0,1,2,0,新繁的荣军院，里面有经历过抗美援朝的爷爷哦，还有大将军
竞赛入围｜川西林盘上的国学小馆,https://www.xiaohongshu.com/explore/661960c3000000001a01129f,6288f1dd0000000021024b64,加大建筑Atelier XLarge,https://sns-avatar-qc.xhscdn.com/avatar/1040g2jo30uo4b0cg5c005ok8u7eocir47ia87go,广东,2024.04.13,9,0,11,4,2023年中国·成都第三届社区美空间全球创意设计竞赛｜12号点位_成都新都区新繁街道汪家村社区亢家院子 三等奖山水田园是中国文人墨客对隐逸的一种精神向度。“羁鸟恋旧林，池鱼思故渊。开荒南野际，守拙归园田。” 陶渊明的诗将“隐逸”这种抽象化的心境，以具体的田园生活情境呈现。	重返于物（return to things），即空间/场所通过物性的建构来完整地表达其悬浮的意境。我们在思考国学和田园生活，回归场所精神和建筑学本身时，应该如何关联和重构新繁的历史文脉、林盘的田园肌理、和国学的风雅诗性。	典型的川西林盘， 林/水/宅/田相互穿插，屋舍半隐于林中。村庄小且散落，农户的耕田与自家的院落挨得很近。田间的阡陌，源于时间的概念，落于对空间的描述，是林盘的脉络，更是饱含着农耕文明的生产生活图景，及“道法自然”、“天人合一”的中国古典哲学思想。	现状建筑立面上的四组落地玻璃凸窗，实际能开启的窗扇小，且窗框分隔琐碎，干扰着室内的观景视线。但惊喜的是，后院翠竹环绕，竹影斑驳，颇有“深林人不知”的意境。房屋为砌体结构，首层基本为承重墙，在现有预算下，大面积改动建筑内部的空间格局，可行性很低。	因此我们尝试在房屋外围叠加一层转化为建筑学空间语言的“阡陌”体系，受启发于中国园林精心营造的“曲院回廊”，但考虑到本案身在这乡野质朴的成都平原中，我们在技法和自然间协调让渡，试图用一套当代语境下的“材料赋形”去建构，完成物理上的围合、分界、串联。这可能是我们对于“川西林盘上的国学文化小馆”这一命题作文怀古吟今的方式吧。
新繁东湖公园，小而美的唐代园林,https://www.xiaohongshu.com/explore/662480940000000001005406,61a3d026000000001000abd8,时光档案局,https://sns-avatar-qc.xhscdn.com/avatar/1040g2jo30r1la21nhk605od3q0j41auoaqcesso,四川,2024.04.21,2,0,1,0,新繁东湖位于四川省成都市新都区新繁镇，为四川省重点文物保护单位，唐代著名宰相李德裕为新繁县令时开凿，是我国有遗迹可考的两处唐代古典人文园林之一。占地1.8万平方米，水面约三分之一。新繁东湖玲珑别致，布局谨严，韵味高雅。具备了我国古典园林中几乎所有的建筑形式和表现手法。是我国有遗迹可考的两处唐代古典人文园林之一，自古便有“古蜀名园”之称。新繁东湖占地1.8万平方米。园内有亭台楼阁等清代建筑20余处，掩映于古木名花之间，山水佳绝，风光秀丽，自古有“古蜀名园”之称。主要景观包括怀李堂、四费祠、三贤堂、清白江楼、瑞莲阁、东湖碑林等，山水佳绝，风光秀丽。成都开车到新繁一小时左右，逛完园林需1-2小时，因为是传统园林，所以峰回路转，小中见大。里面可以喝茶，不贵。五点闭园，出来后可以周边吃饭，便宜量足。时间充裕可以去附近的观音阁一游。因为是小众，所以人很少，体验感不错
成都700年古建筑，99%的人都不知道,https://www.xiaohongshu.com/explore/661f2686000000001c006c3d,60b63a8d0000000001000fc4,旅享行,https://sns-avatar-qc.xhscdn.com/avatar/60b63a8d0000000001000fc4.jpg,四川,2024.04.17,14,3,24,0,成都因地处平原，过去因气候及战争原因保存下来的古建筑并不多，现存最老的地上建筑为明代，也仅10余处（塔、牌坊未列入其中），今天要说的这处古建筑为目前成都最老的建筑，建于明宣德年间（1430年），距今近700年历史，地图上搜不到，新都区也未进行过任何宣传与介绍，仅为县保，这就是位于成都近郊新繁的华林寺正殿，如今双流应天寺当代开山祖师佛智法师便是出自这里。	该寺初建于唐僖宗乾符年间（874—879），重建于宋宁宗嘉泰年间，再建于明宣德年间。前殿、后殿及两厢建筑先后朽坏被拆，现存大殿面阔三间，进深三间，歇山式屋顶，在20年前因修建东湖森林广场被搬迁至如今的北一环农家乐内，搬迁后明代壁画已不复存在，但大殿斗拱仍保存完好
在新繁发现了一家适合拍照打卡的宝藏店！,https://www.xiaohongshu.com/explore/661ab58e000000001b00d0e7,59850a056a6a695953052643,婷婷妹儿,https://sns-avatar-qc.xhscdn.com/avatar/6554889f20f4400a47bf8dd1.jpg,四川,2024.04.14,1,3,2,0,偶然路过居然新繁镇的街道小巷居然隐藏着这么一家值得打卡拍照，休闲娱乐，烤肉咖啡下午茶一体的小店！老板应该是一个懂生活和爱生活的人，园内打造很小清新，有氛围感！爱拍照的姐妹一定要冲啊！
住在有会所的房子是种什么体验⏰,https://www.xiaohongshu.com/explore/65e2992e000000000b02269e,5b14cc8011be103769d83321,🙈沫沫,https://sns-avatar-qc.xhscdn.com/avatar/1040g2jo30vfq1eikm2004a5ttu680cp1ocu0ej8,未知,2024.03.02,0,0,1,1,从今天开始讲讲在新繁这个小镇上 住在自带会所的房子是种什么体验 当然 居住在这个里面 身份的象征提升[斜眼R]
成都这些黑洞板块，千万别碰！,https://www.xiaohongshu.com/explore/653b33b6000000001e00c557,63ac08d40000000026012c9a,琴晴地产观,https://sns-avatar-qc.xhscdn.com/avatar/63f70d2d0be03def8747b053.jpg,未知,2023.10.27,51,17,132,17,近期考虑在成都买房的朋友，这些黑洞板块千万别碰！它们分别是高新区的世纪城和中和，天府新区的华阳老场镇和雅居乐，锦江区的琉璃厂和蓝谷地，金牛区的五块石，成华区的龙潭寺和青龙场，温江的金马和国色天香，龙泉的阳光城、东山和洛带，郫都的安靖和三道堰，新都的龙桥和新繁，这些板块未来很长一段时间都很难有发展，房价长期涨不动，几乎没有增值空间，后期不说涨价，转手都困难。当然成都还是有很多值得下手的板块，我整理了成都200多个板块的价值分析报告，哪里能买，哪里会踩坑，都能让你一目了然。留言“板块”我免费送你。
新繁新农村—稻里,https://www.xiaohongshu.com/explore/64fd9685000000001e02b79b,5f5a2ef50000000001004e21,陶秀秀,https://sns-avatar-qc.xhscdn.com/avatar/1040g2jo30v92lt1hl6b05nqq5rqg8jh12b9n7hg,未知,2023.09.10,27,3,24,11,新繁除了钟灵毓秀的东湖公园，还有美丽的新农村，接穗的稻谷，飘香的桂花，干净的小院，静静流淌的青白江。导航：清流镇大书房	图12-17是新繁的外西街和观音阁
人见人爱的家～很哇塞！,https://www.xiaohongshu.com/explore/65e9b2a00000000003035cc5,6193dbe70000000021026c26,富轩门窗-周周,https://sns-avatar-qc.xhscdn.com/avatar/1040g2jo310kqhcbbmi605ocjrfjocr160brkm88,未知,2024.03.07,0,0,1,0,新鲜别墅出炉
新都小众｜喝茶坐坐好去处,https://www.xiaohongshu.com/explore/643d02190000000014027053,5b84c33b45ca1700019f5971,辣椒十四郎,https://sns-avatar-qc.xhscdn.com/avatar/5df5f1d508e0c100017dc2e4.jpg,未知,2023.04.17,265,26,294,297,在新繁这里，老板收藏的复古玩件和家具，人不多。除了茶也能喝咖啡 楼上楼下都能坐，还挺有意思的~有低消10块一人，有两只小土狗，超可爱！
外南街打卡经验贴,https://www.xiaohongshu.com/explore/65ec8a090000000003035651,5c6e54f0000000001000ed52,抑亦（沉迷海绵宝宝版）,https://sns-avatar-qc.xhscdn.com/avatar/1040g2jo311insgqrma005n3eajo41rairmdjs20,未知,2024.03.10,30,9,44,3,这攻略终于也轮到我写啦！2024年3月3日   我终于来到了杰哥的老家 ——成都新繁⭐️路线：从市里到图二的中心卫生院站下车（大抵都在两个小时左右  最好时间留的充足一点  我是空了一下午的时间去打卡的） 下车后开始过马路往北走（公交行进方向）⭐️打卡点：	1️⃣电线杆和地砖  图五六七2️⃣陈妹小吃   沿路继续往北走  （我去的那天没开门  太遗憾了）3️⃣新繁幼儿园  前面路口左转就能看到牌子4️⃣郝记牛肉面   幼儿园往前走一点点就能看到（味道还可以  麻麻的   不知道还是不是杰哥熟悉的味道）5️⃣繁江小学    胡同再往里走就能看到学校牌子6️⃣新都二中    从小学斜对面的小路出去到大路上向右转    过十字路口一直向东走  就能看到学校（这里插播一下  在十字路口附近有一个中国邮政  我问了可以寄明信片  但是它不卖明信片  有想法的姐妹可以自己带了去邮寄  留下杰哥的地址  我下次去一定带！）7️⃣老工房大院    到了二中回头走有一个胡同  叫  繁江巷子里  院牌就在巷子口  拐进胡同开始往南走8️⃣壁画    壁画就在巷子里  仔细留意一下就行了9️⃣外南街   一直往前走就能到外南街  可以沿街找门牌号   外南街的牌牌大约在路的尽头  还挺明显的（拍完谁能分清我和杰哥啊）	这是我的路线  主体都能找到  再细节的时间有限也没仔细找  星星们可以多看一些攻略找到最适合自己的路线！只希望不留遗憾  走过杰哥走过的路  想象儿时奔跑的快乐  想象或许能和现实重叠  万一碰到杰哥了呢
就在成都新繁❗️张杰老家原来这么好逛❗️,https://www.xiaohongshu.com/explore/6475c7c6000000000703b404,5b22316e4eacab5ed7758e50,成都周边游,https://sns-avatar-qc.xhscdn.com/avatar/643fbe1f59d97ae2381ff7c9.jpg,未知,2023.05.30,311,31,331,195,不用去苏州!✨成都这座唐代古典园林🍃 比拙政园还要早500年就在地铁🚇公交可达的千年古镇—🌿新繁镇一路园林 古寺 美食 简直太治愈了[派对R]一日游🤗走起！·1⃣️东湖公园是国内唯一仅存有迹可考的两座唐代古典园林之一唐代宰相李德裕在新繁县当县令时所建亭台楼阁 小桥流水 绿树成荫像是穿越到了千年前怪不得被称为“西蜀名园”·2⃣️观音阁始建于唐 是远近闻名的尼众寺院道风纯朴 每逢初一十五来往香客络绎不绝·3⃣️外南街这就是张杰专辑里的外南街是保存成都老屋比较完整的街巷一定要记得打卡张杰同款美食我尝试的是牛肉米线味道清淡不辣 还算不踩雷这样治愈的旅行还不点赞收藏 找个周末出发吧~·
成都新繁东湖公园—唐代园林,https://www.xiaohongshu.com/explore/660b9015000000001a00c6d5,609bfd560000000001007831,Forest的童话树🌲,https://sns-avatar-qc.xhscdn.com/avatar/64154b5fc49dc83771c2856c.jpg,四川,2024.04.02,1,1,2,0,目前我国唯一有遗迹可考的唐代园林
翻相册找到14年去新繁镇张杰家的米线店照片,https://www.xiaohongshu.com/explore/6440107300000000270137ea,6331ab69000000002302577e,小高啊～,https://sns-avatar-qc.xhscdn.com/avatar/64117e9b2fa7055bf3470469.jpg,未知,2023.04.20,19,50,143,16,当时好像已经不是她妈妈在开了，是哪个亲戚来着，墙上满满的海报跟留言，点了一碗米线 味道还行 转眼都快十年了😂😂😂
左滑看饱饱翘二郎腿,https://www.xiaohongshu.com/explore/65017941000000001e02f61b,60ca1e61000000000101fbe9,新繁,https://sns-avatar-qc.xhscdn.com/avatar/655f0546a6987e5fd52186b8.jpg,未知,2023.09.13,1,2,3,0,在野生青年艺术节买的小枪！非常好塑料非常漂亮！有机会再买个蓝色的    @酒本禾色
新繁邓记春卷,https://www.xiaohongshu.com/explore/6612b4c7000000001b00859c,636a1882000000001f01beb2,Bruce,https://sns-avatar-qc.xhscdn.com/avatar/1040g2jo30vn2rr37lu5g5ora3217rflig8cd8t0,四川,2024.04.07,0,2,1,0,价格：8元一份味道：点的微辣，整体呈酸辣口推荐指数：4.5⭐
竞赛入围（续）｜川西林盘上的国学小馆,https://www.xiaohongshu.com/explore/661963db000000001a00f132,6288f1dd0000000021024b64,加大建筑Atelier XLarge,https://sns-avatar-qc.xhscdn.com/avatar/1040g2jo30uo4b0cg5c005ok8u7eocir47ia87go,广东,2024.04.13,8,2,16,4,"2023年中国·成都第三届社区美空间全球创意设计竞赛｜12号点位_成都新都区新繁街道汪家村社区亢家院子 三等奖	林盘上的院宅，强调内外的贯穿。农村的院是空坝，保留一定程度的围合，不似高门大院，更允许内外自然又随机地渗透。这样一种模糊的软性界定，正如帘子一般，虽通过轨道设定了一条院界，但又能被自然的应力作用，吹起飘开。这种软性的界定和围合，我们同样应用于室内的用餐区。帘的开合，界定了功能分区，又灵活地适应内向或外溢的各类使用场景。	把玻璃窗框分隔为更适宜观赏景色, 同时又较为经济的尺寸。将首层的固定玻璃窗扇，换成可开启的隔扇门，让宅院的进出顺畅自如。提取川西民居的木构花窗这一物件，用现代的耐候钢材料去重塑这一物性，花窗在室内似屏，捕捉光影，跟随时间，映在墙面或地上，成就了建筑内的“树影婆娑，疑似画中仙”。"
“人就应该呆在没有天花板的地方”,https://www.xiaohongshu.com/explore/6624457b00000000030219cd,6325b9d6000000002303dfe3,城市是母体,https://sns-avatar-qc.xhscdn.com/avatar/65e09d9c3f0362b0dfcc4cc5.jpg,四川,2024.04.21,0,0,1,1,晚饭后步行走到一处打造过的村子，巴巴适适，农场、麦田、午后咖啡茶馆、民宿……很现代——夕阳下，比较适合打卡——不只是房子设施现代，人也现代，很多像城里头一样跑步的人地址在新都区新繁镇汪家村，导航：拾里庭院
成都明代木构合集x成都最古老的十座建筑,https://www.xiaohongshu.com/explore/64c74ba1000000001700c18a,5f239d9a000000000101c165,干挑,https://sns-avatar-qc.xhscdn.com/avatar/1040g2jo31022ucau60005np3jmd0bgb57ht00u0,未知,2023.07.31,116,3,84,30,众所周知，成都是一座历史悠久的国家级历史文化名城，拥有4500年文明史和2300多年建城史，也因此留下了极为丰富的文化资源，如金沙遗址等，但就古建筑本身而言，除了耳熟能详的武侯祠、杜甫草堂、望江楼等，真正了解其他古建筑的人恐怕并不多。	成都，地处川西腹地，植被丰富。因取材方便，古建筑大都以木结构为主。但木结构易蛀虫、腐朽、开裂，同时受城市化进程、火灾等内外因素影响，再加上明末清初的张献忠之乱，故如今成都保存下来的古建筑基本都为清中晚期及民国时期，在这之前的建筑并不多，除开寺院宝塔（如彭州宋塔、邛崃石塔寺宋塔），地下建筑（如明蜀王陵）以及少量石牌坊，目前已知的成都最古老的建筑建于明代早期，明代中期以前的建筑也仅剩存十余处，且保护级别和维修保护力度不尽相同。具体分布来讲，近郊新都新繁2处、龙泉驿1处、青白江1处，远郊新津2处、大邑1处、邛崃2处、蒲江1处、彭州1处：	[一R]新繁华林寺正殿（区保）—1430年开放状态：开放，无需门票地址：成都市新都区新繁街道五福园内[二R]邛崃磐陀寺大雄宝殿（市保）—1437年该殿近年进行过整体维修，保存状况良好开放状态：开放，无需门票地址：成都市邛崃市磐陀村[三R]大邑罗汉寺前殿（市保）—1452年开放状态：开放，无需门票地址：成都市大邑安仁合江社区[四R]蒲江河沙寺大雄宝殿（省保）—1458年开放状态：开放，无需门票地址：成都市蒲江县寿安镇，乡村里的一个小山坡上[五R]新津观音寺（国保）毗卢殿—1458年/观音殿—1469年开放状态：开放，无需门票（观音殿封闭维修中）地址：成都市新津区九莲山[六R]邛崃鹤林寺大雄宝殿（市保）1462年状态：对外开放地址：成都市邛崃市白鹤山旅游区[七R]新繁龙藏寺大雄殿（国保）1465年状态：工作日侧门开放，但大雄殿与毗卢殿处于打围修缮中地址：成都市新都区新繁街道四川省荣军院内	[八R]青白江明教寺觉皇殿（省保）1465年状态：修缮中，未对外开放地址：成都市青白江区城厢镇（武庙旁）[九R]龙泉石经寺大雄宝殿（省保）1465年状态：对外开放地址：成都市龙泉驿区茶店镇石经村[加一R]彭州涌华寺观音殿（市保）明代早期状态：对外开放地址：成都市彭州市磁峰镇涌华村
玩上小54了！,https://www.xiaohongshu.com/explore/65d373680000000007007644,60ca1e61000000000101fbe9,新繁,https://sns-avatar-qc.xhscdn.com/avatar/655f0546a6987e5fd52186b8.jpg,未知,2024.02.19,0,0,26,0,特别特别可爱，自己补了唇缝 -f-54
四川老街151：新繁-外西街,https://www.xiaohongshu.com/explore/6514bcb1000000001e03d095,5b3caa9a6b58b7780a24475d,那风,https://sns-avatar-qc.xhscdn.com/avatar/63eba21688a1deedc7aac62d.jpg,未知,2023.09.28,18,15,32,7,【新繁-外西街】新都的新繁，除了有由唐代著名宰相李德裕，任新繁县令时所建保存完好的东湖公园，还有现存最老的街道，以前新繁进城的老西门——外西街。	外西街始建于唐朝的观音阁翻新维修了，其余商业店铺大多都关闭着，偶尔从一个小门可以看到还保留了好多四合院。外西街也即将拆迁，不知道这些四合院能否保留下来？	（2023年9月9日）
,https://www.xiaohongshu.com/explore/6621e670000000000401b0e9,64ab5c4b000000001f005466,新繁,https://sns-avatar-qc.xhscdn.com/avatar/1040g2jo3114jnaul6i6g5p5bbh5nol36416p4e0,安徽,2024.04.19,3,1,6,0,
,https://www.xiaohongshu.com/explore/661cecb0000000001c00681e,60ada1720000000001006098,大龙品房,https://sns-avatar-qc.xhscdn.com/avatar/60ada1720000000001006098.jpg,四川,2024.04.15,0,0,1,0,“爆改”成功！成都50岁老粮仓变身“智慧仓”！利落的砖红色墙面空隙中漏出斑驳的阳光简易的设计直白而朴素......想不到吧这座位于成都市新都区新繁街道鱼龙街4号的漂亮建筑，居然是成北区域首个智能化档案管理中心，其前身竟是上世纪70年代的国有粮仓。
老街探秘—新繁,https://www.xiaohongshu.com/explore/6486ae960000000012032253,604f6d7d00000000010056ea,自驾四方,https://sns-avatar-qc.xhscdn.com/avatar/654bb3a83cd5657f7c7f0866.jpg,未知,2023.06.12,0,0,2,0,（存货）新繁，被拆得只剩一条街了。
新繁没人知道的咖啡店,https://www.xiaohongshu.com/explore/65ed89f700000000120332f7,5cb9de2f00000000120009f4,35m offee,https://sns-avatar-qc.xhscdn.com/avatar/1040g2jo30ss9tt7c3q0g5n5pronkg2fktpud6co,未知,2024.03.10,0,5,5,0,35㎡咖啡店周围人流量不大，但临街好停车，大家如果找过来一定记住在老汉修脚的正对面，避免绕路。店里有一只高冷，但颜值高的小猫咪可以撸。咖啡就你们到店自己品尝吧[暗中观察R][暗中观察R]
成都新繁龙藏寺明代壁画,https://www.xiaohongshu.com/explore/64817a34000000000703bc81,6247eb1d0000000010004fff,断罪者,https://sns-avatar-qc.xhscdn.com/avatar/6249d3fd4bd0fac4389ff948.jpg,未知,2023.06.08,28,7,26,13,[吧唧R]龙藏寺在新繁镇荣军路四川省革命伤残军人休养院院内，寺院在清末著名诗僧雪堂含澈住持期间达到鼎盛。[自拍R]寺内现存明代建筑大雄宝殿建于明成化元年，康熙年间更换了天花以上的构件，殿内原供奉三身佛，已残，殿内两侧及后壁绘满壁画，两侧前部绘天龙八部，中后部绘善财童子五十三参，后壁绘华严世界，壁画完成于明成化年间，与明教寺壁画时代相同，画法也很像，或许出自同一画师团队。图1、2为后壁壁画佛坛局部，图3~5为五十三参壁画局部。图6、7为大殿天花板下梁架，尚存明代彩画痕迹。[自拍R]寺院除明代大殿外，多为同光间雪堂含澈时期的遗存，碑、匾、楹联、题刻众多。龙藏寺目前正在修缮，不过主体院落周边尚有不少遗迹散布在医院里，也可一观。图8为寺前碑亭内碑刻，为纪念大朗禅师兴修水利而刻。图9为寺西侧靠后的三生桥，桥身刻满诗文。图10为寺前石狮，雕于道光九年。[吧唧R]新繁龙藏寺于2019年公布为第八批全国重点文物保护单位。
,https://www.xiaohongshu.com/explore/6536441d000000002201f2df,63b973d800000000260079e8,画画的YY老师,https://sns-avatar-qc.xhscdn.com/avatar/1040g2jo30qfobsh9nu005otpefc9guf8bdeae3o,未知,2023.10.23,3,1,9,0,新繁棕编，非物质文化遗产
,https://www.xiaohongshu.com/explore/65e29a0200000000040011c9,5ccb19e6000000001102cb7f,朵朵,https://sns-avatar-qc.xhscdn.com/avatar/ae351b5abc78ae2e8d79998354db8440.jpg,未知,2024.03.02,0,0,1,0,标题：住在有会所的房子是种什么体验。   这个小镇上 住在自带会所的房子是种什么体验 当然居住在这个里面 身份的象征提升
浅浅立一下,https://www.xiaohongshu.com/explore/654902b4000000001f03c70d,60ca1e61000000000101fbe9,新繁,https://sns-avatar-qc.xhscdn.com/avatar/655f0546a6987e5fd52186b8.jpg,未知,2023.11.06,0,0,4,0,谁又在开封菜学习
成都的大农村，藏着家宝藏家具工厂店,https://www.xiaohongshu.com/explore/6625d06200000000030238bf,5acb36d311be1073091631e9,雨雨子家居生活馆,https://sns-avatar-qc.xhscdn.com/avatar/5acb371214de417e601af484.jpg,四川,2024.04.22,2,0,4,0,就在新都新繁大农村[doge]这里汇集了市面上各种风格，网红家具，生产车间八万平，展厅两万平！赶紧来看看吧[哇R][哇R]
梦回大唐！这个绝美古风园林在成都！,https://www.xiaohongshu.com/explore/65549ce3000000001b00d17f,6455cbfa00000000290162f6,锦点,https://sns-avatar-qc.xhscdn.com/avatar/1040g2jo30qibef4302005p2lpftaaonm8nkvvgg,未知,2023.11.15,8,0,14,7,东湖公园，是市民游客游玩新繁时必打卡处。园内山水绝佳，布局巧妙，舫居各式具备，虽历经千年之久，至今依然保持着唐代园林的风范，今日份的City walk，就让我们梦回大唐，感受园林风采！	[打卡R]西蜀名园大有来头新繁东湖为中晚唐著名宰相李德裕所开凿，是我国有遗迹可考的两处（另一处为山西省新绛县的绛守居）唐代古典人文园林之一。它能够保存到现在，是我国园林史上的奇迹。	该园林布局严谨，玲珑精巧，被誉为“西蜀名园”，反映了成都古典园林艺术的高水平。一千多年来，东湖园林几经废兴，盛各不衰，历代均为川西名人学士雅集之处，并给后世留下了大量的匾联，碑刻和酬唱之作。	[打卡R]古典园林风采依旧唐朝时期的园林讲究“自然山水”，园林构建以水为主，所以在东湖一万八千平米的面积中，水的面积约占了三分之一，水流四通八达，水质干净可清澈见底。	园内夕照亭、蜷翠亭、古柏亭、怀李堂、瑞莲阁、珍珠船、晚香斋、清白江楼等古建筑，至今保存较好。这些古建筑几乎集中了我国古典园林中所有的建筑形式和表现手法，亭、台、楼、阁、廊、馆、榭、舫居等各式建筑具备，风韵独具。	其主体建筑怀李堂是为纪念开凿东湖、有功于蜀地的著名宰相李德裕而建。湖畔种植的楠树与柏树亦是郁郁葱葱，也让今人能够有幸从现在的东湖公园内领略到唐代古典园林的风采。	🕹️地址：成都市新都区东湖路102号🚗交通：可自驾导航“新繁东湖公园”🎫门票：2元图片均源自新繁东湖管委会官网
成都仅存的纪念张飞的张爷庙修缮完毕,https://www.xiaohongshu.com/explore/65bb92110000000002010380,60b63a8d0000000001000fc4,旅享行,https://sns-avatar-qc.xhscdn.com/avatar/60b63a8d0000000001000fc4.jpg,未知,2024.02.01,9,4,27,1,成都仅存的张王宫（张爷庙）修缮完毕位于成都新都区新繁街道的张王宫（张爷庙）建于明万历年间，为新繁地区人民为纪念张飞所修建的殿宇。清代多次修缮，解放后被用作东风仓库，但山门、戏台、南厢房及正殿等建筑尚存，北厢房及字库塔等建筑多年前已被拆除。2020年张爷庙纳入成都历史建筑，2023年新都区按照修旧如旧的原则，对其进行了整体修缮，被粮库改的面目全非的张爷庙得以重现，戏台、正殿等旧石柱及楹联均得以保留，如戏台邻间石柱上刻：金鼓雷鸣，看大将登坛，问谁能气夺兜鍪，令严刀槊；江山鼎峙，想英雄胜概，长留得威声震地，义勇经天。希望未来新都区能将其好好利用
颜值即正义🏠,https://www.xiaohongshu.com/explore/65ea863b000000000b00c2d0,5c4ab64e00000000110318dd,十二,https://sns-avatar-qc.xhscdn.com/avatar/640963bb60b50a2af0cbd13b.jpg,未知,2024.03.08,0,0,0,1,高颜值建筑，才是高品质人居的基础现在90后有一句口头禅叫做“颜值即正义”从目前市场来看，现在高端项目的外立面有一个明显特征和光艺境采用超现代主义建筑风格，以C型符号为元素勾勒出具有灵动线条的建筑外观通过高耸的建筑外立面和高级铝板建筑材料打造出居住者的品质感以国际流行的色调和非对称性方式彰显都市感
成都新繁的家人们有口福啦啦啦啦,https://www.xiaohongshu.com/explore/65b45fdc000000002c015475,611637cd000000000100b64c,s基魔人,https://sns-avatar-qc.xhscdn.com/avatar/61a87ec72d1c5b9824f0d4f4.jpg,四川,2024.01.27,2,6,2,0,店名，老号牛肉米线（正宗） 。新繁老店，本地老饕验证哈哈哈哈（不是我[偷笑R]）	牛肉味儿正不掺假，不是“薄如纱”[赞R]可以自己加泡菜葱花辣椒🌶，他们家糟辣椒好特别，独家风味哎，我平常一两粉儿都吃不完，这次想再加一两[偷笑R]（冷知识）张杰也是新繁人哦[偷笑R][偷笑R][偷笑R]，可惜没机会打卡他妈妈以前在新繁开的米线店～
好缺德的谷,https://www.xiaohongshu.com/explore/64587b310000000011010908,60ca1e61000000000101fbe9,新繁,https://sns-avatar-qc.xhscdn.com/avatar/655f0546a6987e5fd52186b8.jpg,未知,2023.05.08,0,0,29,1,上海day1逛loft ！
🍵成都｜春禧院子 带大庭院的茶馆院子,https://www.xiaohongshu.com/explore/6618c8f1000000001a015b53,5e8738730000000001001689,爱喝茶的湫湫,https://sns-avatar-qc.xhscdn.com/avatar/1040g2jo311fontdo6a005nk771pg85k9hcjcs90,四川,2024.04.12,0,1,6,0,周末和搭子放松的宝藏小院，悄悄告诉大家，[偷笑R]现在发现的人还不多哦，就算周末去喝茶也很安静自在	📍成都周边 驱车40min 就可到达 位于新都区 新繁街道清水河村锦水渠路[举手R]	🏡大大的庭院周边有很多靠近大自然错落的卡座，[偷笑R]室内也有非常大的空间可以供大家品茶，室外的卡座领桌之间也离的很远，可以跟好友闺蜜安安静静的享受时光	🍵我去消费的是一壶正山小种，口味比较清淡，还蛮清新的，[害羞R]淡淡的红茶香味，回口微甜	💁‍♀️夸夸服务～人少的原因服务的比较周到，也不会多余的打扰。毕竟天气开始热起来了，会有一些蚊虫叮咬，一坐下服务人员就在一旁点好了防蚊香，还有花露水备用，很贴心[大笑R]	🏕旁边的草坪上可以露营，烧烤，吃中餐！店家有烧烤露营套餐可供选择（需提前打电话跟店家预约确认哦）	📷拍照也超级出片，忍不住绕着院子散步，跟闺蜜多拍了几张[自拍R]	💰消费：人均60左右（仅品茶）可带宠物哦！场地够玩儿够大[派对R]
成都拍照｜唐代园林式公园在这里！,https://www.xiaohongshu.com/explore/660543230000000013024567,61ff6730000000001000a416,圆圆很爱旅行,https://sns-avatar-qc.xhscdn.com/avatar/6420d58d8fbfe1bdd285b75c.jpg,四川,2024.03.28,78,10,151,8,-这里环境优美值得一去小桥、湖水、亭楼、古树都很古朴优雅让人心旷神怡喜欢的小伙伴可以去看看！-📍：新繁东湖公园🚗：成都市区自驾40分钟-谢谢观看下次再见了！-#拍照
成都10块钱以下的快乐！！！！！！！！！,https://www.xiaohongshu.com/explore/65f06e73000000001203335c,5ccd0a5b000000001003f9db,芳心纵火犯,https://sns-avatar-qc.xhscdn.com/avatar/1040g2jo311ei0gjl6m005n6d19dk7uert0tu1f0,未知,2024.03.12,2285,187,3289,495,p1新繁东湖公园2rp2新都新桂湖公园0rp3成都植物园10rp4双流棠湖公园0rp5天府石室中学七里香0rp6成都二环高架爬山虎0rp7东湖公园紫叶李0rp8都江堰灵岩山0rp9兴隆湖日落橘子海0r
噶噶滴好吃！,https://www.xiaohongshu.com/explore/65e03a0c00000000030351e9,6537a024000000000d0072ec,NPC不吃KFC,https://sns-avatar-qc.xhscdn.com/avatar/1040g2jo30rb773591k3g5p9nk0i38sncbrcbfo0,未知,2024.02.29,1,0,3,0,有点小事来到成都新繁，1点了，这个店还有好几桌。碗碗牛肉。整了一个凉拌牛杂，红烧牛肉。味道很巴适。老板还送了一个萝卜牛骨汤。物价便宜[点赞R][点赞R][点赞R]
,https://www.xiaohongshu.com/explore/65e2f5b8000000000b01b65a,60e9b7fc000000000101e6cc,🍑有点tian,https://sns-avatar-qc.xhscdn.com/avatar/624d319c2b72e07d8ed18609.jpg,未知,2024.03.02,0,0,1,0,标题：住在有会所的房子是种什么体验。   这个小镇上 住在自带会所的房子是种什么体验 当然居住在这个里面 身份的象征提升
新繁龙藏寺，不为人知的数个之最（下）,https://www.xiaohongshu.com/explore/65672a70000000003a00ea9f,6455cbfa00000000290162f6,锦点,https://sns-avatar-qc.xhscdn.com/avatar/1040g2jo30qibef4302005p2lpftaaonm8nkvvgg,未知,2023.11.29,5,0,4,2,‼️在成都，相比较文殊院、昭觉寺等寺院，位于新繁的龙藏寺似乎很少出现在人们视野。但作为一座拥揽极其丰富文物资源的宝藏古刹，它在岁月的磨练中将文化底蕴酝酿地愈发深厚。‼️虽然目前龙藏寺还未开放，但小锦也来带大家了解一下它的数个“之最”！	👉古籍字画这里曾经是四川佛教寺院雕版印书中心，同时寺院历代文风鼎盛，珍藏的各类字画及碑贴、拓片不论从数量还是种类均堪称川西之最。现存的刻印各类书籍多达66种，书版4733块，字画墨迹761件，匾额对联130件，佛教经书1415册，古籍方志3379册，自20世纪50年代和80年代寺院文物陆续清理后，已被转移至省市区各级文管所及名寺中珍藏。	👉宋代转轮藏龙藏寺原遗存有重达800多斤的南宋绍熙二年（1191年）的转轮藏铁轴，为国内最古老的铁铸转轮藏。转轮藏是普通寺院所不具备的，即使是国内现存的转轮藏也只有木构的（如河北正定隆兴寺、四川平武报恩寺、江油云岩寺等）。原转轮藏上盖八角亭，亭八方开门，门两旁刻有诸佛菩萨、天龙八部等；门中隔作多层，供奉经卷、星辰之位等，可惜现今已不存，只能从书中去想象其制作的精美。	👉古琴文化龙藏寺原为蜀派古琴文化的中心。相传在大雄殿的横壁有一琴壁，拍之则鸣，后因明末清初张献忠到寺院后取走被毁于半路，较为遗憾（在清《新繁县志》中均有记载）。除此之外，龙藏寺尚有用于弹琴之楼阁，谓之“妙音阁”。该楼阁虽被拆除了部分，但从现存的建筑仍能感受到建筑的独特和当年古人在此吟诗弹琴时的意境。	👉红色文化抗战时期，成都树德协进中学搬迁至龙藏寺教学，郭沫若、沈钧儒等爱国进步人士在此讲学，协进师生在此接受革命启蒙教育，公开发行《新华日报》。当时在此的特支党员被称为“新繁特支”。对比其他中共特支，这里党员人数多出许多，龙藏寺当时被进步人士称为“小延安”，协进中学也因此被称为成都的“陕北中学”。
摄影师推荐|成都13个国风公园集合公交可达,https://www.xiaohongshu.com/explore/65338195000000002502343d,6273e8ad0000000021027be1,摄影师📸格格,https://sns-avatar-qc.xhscdn.com/avatar/1040g2jo3109ojabh6g605ojjt2mocuv10nvhq3g,未知,2023.10.21,143,10,116,112,📸这13个古风打卡地，非常适合周末打卡，📝赶紧码住啊！1⃣️龙潭水乡独具江南诗意的拍照地 一座又一座的石拱桥，和碧绿的湖水搭配起来，非常具有意境。💰免费全天开放📍成华区航天路88号2⃣️浣花溪公园这里是成都“小江南”，拍照📸巨出片‼️茅庐、小溪、断桥、楼阁、竹林、红墙…💰免费📍青羊区—青华路9号3⃣️老桂湖公园一直被低估的巴蜀园林，老桂湖算是一个小巧型的园林。🎫门票：20  新公园就不收费📍成都市新都区桂湖中路109号4⃣️百花潭公园主要由盆景园、磊园、慧园、湖池区、廊桥及桃花林、银杏林、桂花林、梅花林等景区组成。💰免费📍成都是青羊区芳邻路5号5⃣️成都南郊公园挨着▶武侯祠🏯和▶锦里⛩️，但游人很少，有浮雕石碑式的大门、三洞门、四方亭、多角亭、荐馨堂等主体建筑。💰免费  9:00~18:00📍南郊公园，武侯祠博物馆旁6⃣️棠湖公园特别适合秋天去，错乱的人工假山、飘飞的银杏叶、芭蕉亭台楼阁相映成趣～💰免费📍双流棠湖公园7⃣️天府艺术公园·蜀园新建的川西园林，景观还是很别致的，有阁楼，庭院，拱桥，非常适合拍新中式摄影💰免费8⃣️天府艺术公园·易园和蜀园一墙之隔，白墙青瓦，院中小湖、湖边有假山、中式盆景，非常有中式意境。💰免费📍成都市金牛区金泉路8号9⃣️空港中央公园一座仿汉代🪵纯木质结构的古风宫殿，黄墙灰瓦，风格像春秋战国时期的府邸。💰免费📍双流区新桥街9号1⃣️0⃣️塔子山公园公园中的九天楼被称为“锦绣天府第一楼”，不知何时没落了。晚上的夜景超美，非常适合下午去拍照。🎫：免费📍成都市锦江区迎晖路222号1⃣️1⃣️新繁东湖公园国内仅存的两座唐代园林之一，园内有小桥流水，书法石刻，竹林回廊，随手拍都很出片！💰2元 一天内无限次进出📍成都市新都区新繁街道正西街112号1⃣️2⃣️望江楼公园我一直觉得，望江楼公园是成都拍旗袍和古风难得的宝藏地点，满眼是古香古色的人文景观⛰️。🎫：分免费和收费区①南门进去（免费）有亭台楼阁，小桥流水，红墙绿竹，茅草屋②北门进去（收费区20元）有望江楼📍成都武侯区望江路30号1⃣️3⃣️成都人民公园人民公园老成都人和游客超级多，过来拍照非常建议早上来。🎫免费📍地铁2号线人民公园站
成都超怀旧下午茶,https://www.xiaohongshu.com/explore/64a0d7e80000000013034c27,60a55ecb000000000101caad,屁桃,https://sns-avatar-qc.xhscdn.com/avatar/65f6cb9b11eaca8c290c8663.jpg,未知,2023.07.02,64,2,93,82,成都复古博物馆+咖啡店，一直想和同事来打卡，今天终于来啦，比在网上看到的图片更加惊喜！一进门还可以看到日式庭院，非常惬意，院子很大外面是茶馆，房子有三层楼一楼喝咖啡茶饮，进门最吸引我的是各种年代感照片、CD以及各种古董摆件，回忆往事怀旧满满！超级宝藏的一家店，建议姐妹们穿旗袍来拍照打卡。在这个快节奏的时代，能有这样的怀旧复古店铺，属实难得，快带姐妹来打卡吧～名称:宿物·复古生活地址:新都区新繁镇花香果居果居路190号 消费:15+
一个成都不花钱很值得去的地方！,https://www.xiaohongshu.com/explore/648eef23000000001300ddf8,61f76ded0000000010005560,呜嗯雯,https://sns-avatar-qc.xhscdn.com/avatar/1040g2jo311npt18o0c005ofndnmk0lb0elf7mjg,未知,2023.06.18,17,4,35,3,就在成都新繁这里！！地图上搜东湖就可以找到～真的很美 很有历史感！！很适合去拍照或者避暑里面有很多类型的花很美 还有各种走廊 拍照很出片光线也很好～外面很热可是里面比较潮 很凉快！！[大笑R][大笑R][大笑R]里面有茶室和棋牌室 去那里感觉一下子快速的生活节奏都慢下来舒服很多啦很适合闲🧵来无事去休息品茶也可以滴～ 门票一人只需2大洋 老人小孩子还是免门票的～之前不收费但是这里面古迹修缮需要一些钱 所以收了门票[睡觉R][睡觉R] 但价格也很便宜的里面很大 很多历史古迹 一些文综考生可以去看看哈哈哈哈 两大洋可以逛很久 很划算滴~很大很美 很适合陶冶情操  成都拍照
成都周边/2元直达新繁/冷门古风公园,https://www.xiaohongshu.com/explore/64b8915b000000002b03f9db,5b97de9c3a057a0001d0fdb0,小小的游玩日记,https://sns-avatar-qc.xhscdn.com/avatar/616cc4a452412addefca2f33.jpg,未知,2023.07.20,128,21,159,30,嗨，我是温小小，一个爱拍照，爱旅游，爱交朋友的人~.东湖公园玲珑别致，布局谨严，韵味高雅。具备了我国古典园林中几乎所有的建筑形式和表现手法。园内有楼台亭阁等清代建筑20余处，掩映于古木名花之间，山水佳绝，风光秀丽，自古有“古蜀名园”之称.2元公交就可直达新繁东湖公园景区，在下雨天去漫步唐风公园，感受一步一景的传统园林造景手法.雨小时，撑伞走过老石桥，池塘假山旁，紫薇花树下。雨大时，在亭台楼阁观湖面细雨绵绵.撑伞在雨里，好像身在江南水乡里.地址:新繁东湖景区.门票:2元.交通:自驾景区停车场（5元两小时，超一小时加1元）大丰地铁站-X72-繁江大道中段路-400米（40分钟）九里提公交站-149-金龙街口-400米（1个小时）.美食: 新都陈记蒸牛肉（性价比天花板）.蒸牛肉，蒸肥肠，蒸排骨，烧白（6元）一个人吃饭再也不用担心吃不完了下次再见啦！！！
,https://www.xiaohongshu.com/explore/661b6b4f000000001a012b69,5f12cf78000000000100167f,家英妹子,https://sns-avatar-qc.xhscdn.com/avatar/1040g2jo311mc9cbk70005noipts085jvd03siq8,四川,2024.04.14,1,14,3,0,骑行到新繁龙藏寺。天气很好，不算太热。每次来龙藏寺，都蛮伤感的，一座历史悠久的大寺院，现在只有残垣断壁了。仍然是大门紧闭，待施工的状况。好在遗迹还在，格局还在。到处郁郁葱葱，也算不幸中的万幸。
有点点睡不着,https://www.xiaohongshu.com/explore/648758340000000013007ce6,5f792dc00000000001007e23,走青衣,https://sns-avatar-qc.xhscdn.com/avatar/6170313ae363080193ecb2e5.jpg,未知,2023.06.13,0,2,6,0,睡觉之前看了成都大运会推广曲《爱是一样的》mv然后本来暑假不打算回家的心动摇了🤐推广曲是张杰和张靓颖唱的最近真的听了很多张杰的歌哈哈哈哈哈哈前段时间翻了一下空间16年那会还和我姐去张杰亲戚家（应该是亲戚吧 我也搞不清楚啦）米线店打卡新繁真的还是很多好吃的想吃豆瓣抄手了 也想吃二中附近的叶儿粑虽然我自己不是新繁人，但是和新繁好像还挺有缘分的非常非常要好的朋友是新繁的，我的姐姐在新繁上学刚学会开车的时候晚上开车到新繁找朋友玩，晚上和她一块在小吃摊吃烧烤，坐在昏黄的灯光下，看着放学后二中的高三学生涌出校园，围绕在周围的小摊。我姐总是说要回去新繁一趟来哈尔滨之前本来打算和姐姐一块去新繁吃饭但是当时因为要去文殊院烧香就没有去现在逻辑很混乱不知道想说什么有点想回去看看大运会（更想和朋友和我老姐一块去），还想去打卡外南街（感觉自己越来越像歌迷了[扯脸H]），还想去吃二中附近的叶儿粑😋😋😋，还想回园艺山巅吃一食堂二楼的炒豇豆😭
在成都新繁发现了一家宝藏店铺-小满和野,https://www.xiaohongshu.com/explore/657d28a2000000003801fe99,578da12d5e87e779e31a0dd8,赖床届翘楚,https://sns-avatar-qc.xhscdn.com/avatar/1040g2jo30qged7i40a0048i53hgiq3eoeffk790,未知,2023.12.16,3,11,25,5,这个店铺好有趣，老板是一个热爱生活的人，小店里不但有女装，还有亲子装，家纺，很特别的陶瓷，有趣的袜子，和手工发夹。衣服品质很好 都是柔软舒适为主，感觉在她们店里很放松。推荐🫶🌲。
成都仅存的张飞庙（张王宫）即将修缮完毕,https://www.xiaohongshu.com/explore/6580fb8e000000000801c4b5,60b63a8d0000000001000fc4,旅享行,https://sns-avatar-qc.xhscdn.com/avatar/60b63a8d0000000001000fc4.jpg,未知,2023.12.19,7,5,27,2,过去成都城区以及周边郊区大都有纪念张飞的寺庙，随着历史的变迁，均已消失，目前仅存的纪念张飞的寺庙位于成都新都区新繁街道，过去被改造为粮库，虽山门前的字库塔以及厢房部分已拆除，但主体结构中的山门、戏台、正殿以及南厢房尚完整。	这座张飞庙（张王宫）从史料记载来说，在明万历年间就已存在，清代进行过多次维修，本次落架维修在正殿下也发现了200多块石碑/字库塔残片，现已搬回新都文管所进行研究，该张王宫现为成都历史建筑，修缮前面临垮塌风险，戏台、正殿主柱均为石柱，刻有匾联，雀替雕工精美，预计明年一季度即可全面完工，未来如何利用尚无说法。新繁过去有不少与张飞有关的地名、建筑和历史，如张家祠（现泰辅寺），张氏族谱记载的张飞墓也位于新繁，但因缺乏其它更为准确的史料以及时间太过久远，如今也无法考证，有兴趣的朋友可以继续深入研究
公园漫游🚶🏻‍♀️,https://www.xiaohongshu.com/explore/6603d9190000000014007854,60cdfa2d0000000001009201,星轨失衡,https://sns-avatar-qc.xhscdn.com/avatar/624ed556169ac1c84668b3b9.jpg,四川,2024.03.27,0,0,1,0,2024.03.09
新繁的小伙伴太热情啦‼️吐司都给我干没了‼️,https://www.xiaohongshu.com/explore/6626670c000000000d0309cd,5a41d9f04eacab62c780050c,柚见-SeeYou手作,https://sns-avatar-qc.xhscdn.com/avatar/1040g2jo311bpncr96c004a0g3ncv018c1p7muug,四川,2024.04.22,0,0,0,0,太感谢大家支持了，早晨六点半起床一直忙到下午，做餐送餐，每一位顾客都给了反馈，都说好吃，真的真的太开心啦！被认可的感觉真的说不出来 ，好多吃了直接定第二天的三明治，没有啦没有啦 ‼️准备了三天的吐司量 ，被大家一天就干空，接下来两天只有寿司可约啦～
成都市区🎣喝茶乘凉超级舒服的唐代园林,https://www.xiaohongshu.com/explore/64511ae7000000001203f242,618551fa0000000010007d69,带着小熊到处玩,https://sns-avatar-qc.xhscdn.com/avatar/62132d17a948ccdd8c8e88a8.jpg,未知,2023.05.02,2,4,5,3,🏏地点：新繁东湖公园/景区🥋导航：直接搜上面的地址就行了，我们是从北门进去的，公园很小，哪个门区别不大⛳️停车：路边都是停车位，不要乱停，交警要贴🚙车程：45分钟（市中心出发）🚀门票：2元（这里属于景区，有门票的，1.3米以下小孩免费）.🚁今天去团结镇办事，中午吃了顿人均18块钱超级好吃的刘记荤豆花，然后带小熊去青杠树三道堰景区玩，结果……[捂脸R]真的太晒太热了！[叹气R]他玩了个水上项目满头大汗，真的怕中暑！[哭惹R]并且儿童项目都要付费，都很贵！[抓狂R]一气之下搜索附近，这个新繁东湖公园没听说过呢？试试看？🚧花了两块钱进去之后，陡然降温啊家人们！你能体会吗？[流汗R][流汗R][流汗R]我付钱之前还是30度的体感，一进门就是20度！空调都没这效果啊！🚂不过，逛了一圈后觉得这个景区不适合溜娃，就喝茶乘凉拍照挺好的。.🏡🏡玩法推荐🏡🏡1⃣【拍照】🛍汉服姐妹们！旗袍姐妹们！这个古风摄影拍照地真的很不错！🛍它这的建筑不是新修的，都是唐朝开始慢慢修出来的，布局置景很精巧，可谓处处都是景，很适合拍特写。🛍红墙碧瓦、亭台楼阁，建筑本身饱和度就比较高，最近植被翠绿，对比度出来了，调一下颜色非常好看。（我没带相机，手机瞎拍的，湖面不够干净，不影响咱拍照）2⃣【喝茶】🎀有茶馆，环境清幽，没有人民公园人多。🎀公园里总体人都不多，我是五一节期间一个下午去的，都很宽松随便玩。.🎏🎏注意事项🎏🎏1⃣公园很小，可能个把小时就逛完了，如果不拍照，小朋友是没什么可玩的。2⃣因为小，里面也没有小卖部，公园外面倒是非常热闹的商业街。.我是小熊麻麻，有空就喜欢带小熊到处玩，有什么好玩的地方，也请分享给我吧！
90%不知这座距今1200多年的冷门古风公园,https://www.xiaohongshu.com/explore/64aaaca6000000002f02bc3e,562c5eda0bf90c7388298dcf,吱吱吱吱小号纸,https://sns-avatar-qc.xhscdn.com/avatar/62c2fdc677dac3aeb7072931.jpg,未知,2023.07.09,40,26,52,9,又发现一处绝美冷门古风公园小众到就连新繁本地的朋友都说没去过‼️-这里始建于唐 重建于清距今已有1200多年的历史了-🍃园里具备了我国古典园林中几乎所有的建筑形式和表现手法园内有亭阁楼台等清代建筑2️⃣0️⃣余处也难怪自古有“古蜀名园”之称-🎋名字：新繁东湖景区📍地址：四川省成都市新都区新繁镇🎫票价：2元☑️时间：9:00-17:00-      @城市情报官 @生活薯 @薯队长
成都第23批历史建筑出炉，会馆建筑为亮点,https://www.xiaohongshu.com/explore/65842a710000000009022acc,60b63a8d0000000001000fc4,旅享行,https://sns-avatar-qc.xhscdn.com/avatar/60b63a8d0000000001000fc4.jpg,未知,2023.12.21,4,1,23,0,对于历史建筑的保护与传承，成都在国内来说还是走在了前面。许多被人遗忘的古建筑因为纳入历史建筑，未来修缮成为可能。经相关专家评审，本次全成都共有17处建筑纳入成都历史建筑（图四）其中包括位于新都新繁的陕西会馆、位于青白江城厢和崇州元通的江西会馆等，以新繁的陕西会馆最为古老，大殿尚保持清代原貌，也是目前四川省内幸存下来单体最大的陕西会馆大殿（图一、图二），城厢的江西会馆原状建筑基本已垮塌，如今的建筑为中交根据原貌整体复原（图三）；	新繁与城厢过去同为县城，如今均保留了过去老县城的街道布局，均为省级历史文化名镇；新繁为新繁县的县城，有2800年建城史，城厢为新都和金堂的县城，有2000年建城史，不同的是，城厢最近几年引入中交对古建筑进行了全面修缮与开发利用，且各类古建筑均纳入了成都历史建筑，古镇宣传已全面铺开，而新繁尚处于零开发状态，尚有文昌宫、梁家观以及多处具有较高价值的清代古院落尚未申报历史建筑/文保单位，多处建筑面临垮塌风险，希望未来该片区的古建筑能被更多人重视与保护
新都龙桥新繁羽毛球搭子！,https://www.xiaohongshu.com/explore/65be4d570000000007029d94,640b4e4c0000000029017832,一定会暴富美丽顺利,https://sns-avatar-qc.xhscdn.com/avatar/1040g2jo30u9oqc2i58005p0b9p6aau1ia3gm1h0,未知,2024.02.03,1,20,2,0,最好是女生！一起练练！
新繁有一家草坪露营酒馆拉 可以下午茶,https://www.xiaohongshu.com/explore/652d7c0b000000002202bc75,5b544955e8ac2b73ffedab63,新繁山屿微醺,https://sns-avatar-qc.xhscdn.com/avatar/624f1b401cf34ea87e718d86.jpg,未知,2023.10.17,0,0,0,2,微醺是我见你的门票
90%的人都不知道！成都最古老的十座古建（上）,https://www.xiaohongshu.com/explore/6543811c000000001f039d0b,6455cbfa00000000290162f6,锦点,https://sns-avatar-qc.xhscdn.com/avatar/1040g2jo30qibef4302005p2lpftaaonm8nkvvgg,未知,2023.11.02,119,21,85,33,每一座城市都有着自己的故事，而古建筑则是故事的载体，记录着过去的点点滴滴。在成都，现存有十处明代早期建筑，它们清幽寂静，自带禅意。今天我们先探索其中5处，一起穿越到过去时光，追随岁月的痕迹……	👉新繁华林寺正殿华林寺始建于唐僖宗乾符年间（874—879），历史悠久，古韵悠然。华林寺大殿的斗拱颇具看点。设计符合明宣德年间特征，但承接屋檐处不拘泥于官式，采用四川本土作坊。● 文物级别：成都新都区文物保护单位（1986年）● 开放状态：开放，无需门票。● 地址：成都市新都区新繁街道五福园内	👉邛崃磐陀寺大雄宝殿距今500多年的磐陀寺，是成都超静谧的禅修圣地，有种大隐隐于市的感觉。寺庙有两大看点，大雄宝殿的明代壁画和塑像。以及国保石窟之一的摩崖石窟。● 文物级别：成都市文物保护单位（大雄宝殿），全国重点文物保护单位（邛崃石窟之磐陀寺造像，2016年）● 开放状态：开放，无需门票● 地址：成都市邛崃市磐陀村	👉大邑罗汉寺前殿罗汉寺始建于唐，原寺规模宏大，现仅存前殿。红墙灰瓦，独特的建筑风格。这里没有夸张喧闹的商业氛围，只有真诚敬奉香火的人们。● 文物级别：成都市级文物保护单位（1997年）● 开放状态：开放，无需门票● 地址：成都市大邑安仁合江社区	👉蒲江河沙寺大雄宝殿河沙寺始建于南宋，现仅存大雄宝殿，殿内梁架、立柱绘有彩画，依稀可见，古意盎然。● 文物级别：四川省文物保护单位（2002年）● 开放状态：开放，无需门票。● 地址：成都市蒲江县寿安镇，乡村里的一个小山坡上	👉新津观音寺毗卢殿这是一座远离城区的百年古刹，始于宋代。这里藏有最珍贵的明代壁画，被名为四川最具规模与艺术价值的明代壁画。大殿内尚存有许多建于明成化十一年的塑像，其中大型壁塑“漂海观音”更是被誉为“稀世珍品”。（观音寺详细攻略可看小锦上篇笔记~）● 文物级别：全国重点文物保护单位（2001年）● 开放状态：开放，无需门票（观音殿封闭维修中）● 地址：成都市新津区九莲山
新繁棕编——国家级非遗（成都篇）,https://www.xiaohongshu.com/explore/661e183a0000000003021eab,602203a10000000001005e63,非遗之旅,https://sns-avatar-qc.xhscdn.com/avatar/1040g2jo30tcmg5dt46505o120egg8nj3a39s4cg,四川,2024.04.16,1,0,3,1,[彩虹R][彩虹R]新繁棕编[彩虹R][彩虹R]项目编号：Ⅶ-97类别：传统美术公布时间：2011（第三批）申报地区或单位：四川省成都市新都区保护单位：成都市新都区文化馆-----------------------------------------[樱花R][樱花R]棕编（新繁棕编），四川省成都市新都区地方传统美术，国家级非物质文化遗产之一。[仙女R][仙女R]新繁棕编技艺相传起源于清代嘉庆年间，其产品坚实耐磨，质地柔韧，造型优美，色泽明快，制作精巧，原生态，无污染，受到普遍欢迎。据文献记载，清代嘉庆末年新繁妇女即有“析嫩棕叶为丝，编织凉鞋”的传统。在当地乡村和农家小院，随处可见妇女们用洁白细腻的棕丝编织手工艺制品。每年夏季和秋季是新繁棕编生产的高峰，夏季主要生产凉帽、拖鞋，秋季则生产工艺棕编提包。其原料多来自彭县、大邑、邛崃、都江堰等山区。每年4月，艺人们将采集回来的绿色嫩棕叶用排针梳理，使之成为一条条形似绿色挂面的棕丝。然后将棕丝搓成棕绳，再经过熏蒸、漂白、晾晒等工序，制成洁白柔软的材料备用，同时将部分棕丝染上颜色，用于棕编器物的特殊装饰。[哇R][哇R]2011年5月23日，棕编（新繁棕编）经中华人民共和国国务院批准列入第三批国家级非物质文化遗产名录，项目编号Ⅶ-97。-----------------------------------------[斜眼R][斜眼R]下一期将更新非遗成都篇--「成都道教音乐」[红色心形R][红色心形R][红色心形R]请大家多多关注和支持哦[红色心形R][红色心形R][红色心形R]      @非遗之旅
,https://www.xiaohongshu.com/explore/65f01d6f000000000d00d0e7,645a4753000000002a00abad,太阳鸟1207,https://sns-avatar-qc.xhscdn.com/avatar/1000g2jo2n46pnqejk06g5p2q8t9qhatdh56e51g,未知,2024.03.12,0,0,2,0,四川成都新都区新繁东湖古园林旅游风景区
杰哥的老家新繁镇,https://www.xiaohongshu.com/explore/64ce2256000000001700e6b2,6252c4c3000000001000b60d,做张杰的小星星,https://sns-avatar-qc.xhscdn.com/avatar/643dfc62b1e3c7ad3b313e2d.jpg,未知,2023.08.05,1,6,17,0,成都我来啦❤️看到新繁了这是我离杰哥老家最近的时刻了有机会要去看看
新繁东湖公园2023,https://www.xiaohongshu.com/explore/655b65fa000000003203921b,6220b05f000000001000a0ce,Read,https://sns-avatar-qc.xhscdn.com/avatar/1040g2jo30n2m5uhn5gjg5oh0m1fk186e3ltpml0,未知,2023.11.20,0,0,0,0,
成都！值得一去的公园合集！附地址！,https://www.xiaohongshu.com/explore/6617a4cf000000001b009f73,56974238e4251d72f26de73c,📷COCO_L,https://sns-avatar-qc.xhscdn.com/avatar/5ee43b9c6323250001af6d6a.jpg,四川,2024.04.11,611,54,556,136,--成都真的有很多很多宝藏的公园熬夜整理了一份成都好看的宝藏公园合集-✅图2-3 瞪羚湖🎫门票：免费🚗交通：建议自驾，园区可以停车-✅图4-5 成都人民公园🎫门票：免费🚗交通：地铁2号线人民公园B口-✅图6-7 成都活水公园🎫门票：免费🚗交通：地铁3号线红星桥A口步行几分钟-✅图8-9 天府科学城山地公园🎫门票：免费🚗交通：地铁1号线兴隆湖站B口出来右手边，对面就是兴隆湖-✅图10-11摩珂池公园🎫门票：免费🚗交通：地铁2号线坐到天府广场步行10多分钟-✅图12-13双流中心公园🎫门票：免费🚗交通：地铁3号线航都大街C口然后打车-✅图14-15望丛祠🎫门票：免费🚗交通：地铁6号线望丛祠A口-✅图16-17 新都新繁东湖公园🎫门票：需要🚗交通：地铁5号线华桂路A口然后打车--❤️感谢阅读下期见！--
中国非遗|新繁棕编，濒临失传的传统手工艺,https://www.xiaohongshu.com/explore/650bf563000000001302bc43,5d92102a00000000010020fe,某先生,https://sns-avatar-qc.xhscdn.com/avatar/1000g2jo2pitdgkik80005nci20l0887u7atdlvo,未知,2023.09.21,42,3,55,4,棕编，是汉族传统手工艺中具有艺术魅力的一种，是以棕叶为原材料，编制而成，经过穿插、折拉、编扣、打结等方法进行编织。-棕编本是一项濒临失传的传统技艺，掌握这门技艺的手艺人越来越很少，精练技艺的人，更是凤毛麟角。-位于四川省成都市新都区的新繁棕编，属于四川省成都市新都区地方传统美术，非物质文化遗产之一。-棕编是一门能让草木生辉的高级艺术形态，凭着灵巧的双手和丰富的想象，编织动物形态：鸟、虫、虾、凤凰、恐龙、蝴蝶、螳螂等，其形态美观逼真，栩栩如生，人见人爱。	还能编织出众多生活用品：鞋、帽、提包、套果盒、玩具、扇、椅七大类，多用彩色棕丝混编法，配色大胆，不落俗套。	          @薯队长
新繁新繁我来啦！,https://www.xiaohongshu.com/explore/649c64f8000000002702924f,640750be000000002901666d,阿沸阿沸飞,https://sns-avatar-qc.xhscdn.com/avatar/2b4cefbb01e0a0824f5c173dde7f98b2.jpg,未知,2023.06.29,1,0,0,0,当接到即将出发的出差待定时就算是晚上也要连夜做攻略出去玩！
4月8日新繁街道美丽乡村游，泡桐花美美哒,https://www.xiaohongshu.com/explore/6613af42000000001b00952b,594a48966a6a694029dcb710,索非,https://sns-avatar-qc.xhscdn.com/avatar/1040g2jo30t4sq27s460049kjqf49ddoggmbbplo,四川,2024.04.08,0,5,3,1,居然还拍到了泡桐花！开心😃
新繁曾家大院,https://www.xiaohongshu.com/explore/65e54cf3000000000b021f5a,65e5485d0000000005008df3,dini,https://sns-avatar-qc.xhscdn.com/avatar/1040g2jo30vtjd4r3606g5pf591eh93fjcg4vreo,未知,2024.03.04,0,0,3,0,
测评：北富森/美家宅配/创物社/太平园/新繁,https://www.xiaohongshu.com/explore/65d3bdb7000000000b020ad2,62554710000000001000f79c,桃桃肥宅窝（软装中）,https://sns-avatar-qc.xhscdn.com/avatar/646d8477f63d38af8fd6c8da.jpg,未知,2024.02.20,304,23,192,130,【北富森】做攻略说这里商场铺面贵，预算紧张，本来不打算去的。但在xhs被吸引过去闲逛，最后在这里定了门。确实划算，法式实木烤漆门一扇不到800。七个门➕一个入户门门套加起来1w搞定。而且各种款式都有，平开，推拉，折叠，双开，隐形门联动门。问了好多家都不能定制，只有北富森这家可以按我出的图纸落地造型，还没加💰很惊喜。主页有门的笔记，老板人好说话，很愉快的交易体验。【太平园家具】成都太平园有两个，新的在双流，老的在太平园地铁。我去的新的，家具场馆很大，场馆间四通八达很容易迷路。这里找到了我梦中情沙发，复古绿帆船懒人沙发，从卖价4800砍价到3k多，还是升级可调节的款式。查了网上同款卖到了7，8K所以这个价格还是划算的。也看上了床垫，喊价3800，卖价砍到2600。但忍了一手想再多对比对比。这里家具风格很多元，现代意式北欧法式原木侘寂中古都可以淘一下，记住要大胆砍价。【新繁家具城】狠狠踩雷了！年轻人喜欢的风格在这里是真的选不到啊选不到。香江CBD，欧洲城，佳和家园可以说是一个比一个土气。拿着网红款去找基本会让你失望，这里的商家甚至还建议你去城里富森逛，敢情大老远从自城里过来来了个寂寞😔如果不追求时尚在这里还是能淘到便宜货的。三座沙发2k内就能搞定，茶几电视柜经常组合拳打折促销。【创物社】展厅有2000平，种类丰富，而且是比较有设计感的单品，价格方面没有特别大的优惠，但选品实物材质什么的都还不错。爱搭配有空闲逛的人是不错的去处。也有一些网红款，可以在这里看到实物效果。销售不是很热情[笑哭R]【美家宅配】算是偶然发现的宝藏家具店，地址在双流。展厅超级大，号称一站式硬软装，从门窗定制家具窗帘应有尽有。问了一下，窗户断桥铝2.0六腔体才498一平，定制欧松板也500一平出头感觉性价比很不错👌沙发普遍价位在3-5k，大黑牛云朵大象耳朵帆船啥都有。逛完差不多也得个把小时。来双流这边可以顺路逛逛。.以上就是我在成都线下家具建材的探店repo。虽然大多数家具还是线上买的，但硬装主材和沙发床垫我还是相信线下的品质[偷笑R]
新繁可以养宠物的房子！,https://www.xiaohongshu.com/explore/64786f180000000027010ca9,6367b74b000000001f016ec3,农村小院子老刘,https://sns-avatar-qc.xhscdn.com/avatar/63aed27ee1eb5b9f97d6e822.jpg,未知,2023.06.01,0,2,3,4,
合租找室友,https://www.xiaohongshu.com/explore/660e5db4000000001a00ff02,619cb1de000000001000fd74,晚风,https://sns-avatar-qc.xhscdn.com/avatar/2b4cefbb01e0a0824f5c173dde7f98b2.jpg,四川,2024.04.04,0,4,1,0,房子经打扫干净了，可以直接拎包入住，在小区里面，物业很负责，而且也很安全，本人性格很随和，很好相处，想找一个合得来的小姐妹一起合租，可以带你的小宠物，但是卫生要打扫干净，公共区域很大，可以轮流打扫，以后可以有空的时候可以一起出去玩骑自行车啊，旅游的，房租很便宜，有需要的小姐姐可以私我！期待志同道合的你^ω^，俺不要男人！！！
90%的人都不知道！成都最古老的十座古建（下）,https://www.xiaohongshu.com/explore/6548c7d7000000001e028e90,6455cbfa00000000290162f6,锦点,https://sns-avatar-qc.xhscdn.com/avatar/1040g2jo30qibef4302005p2lpftaaonm8nkvvgg,未知,2023.11.06,58,6,46,13,前几天，我们已经看了五处成都明代早中期的建筑，今天小锦接着介绍剩下五处，继续带大家领略成都古建筑之美。	👉邛崃鹤林寺大雄宝殿鹤林寺始建于隋代，现存的大雄宝殿，重建于1462年。大殿在近两年进行了整体翻新和维修，但地拱及柱体仍保留了部分原构，同时寺院进行了大规模的扩建，增设戏台等多处布局，使得寺院看起来焕然一新。● 文物保护：邛崃市文物保护单位● 开放状态：对外开放● 地址：成都市邛崃市白鹤山旅游区	👉新繁龙藏寺大雄殿龙藏寺始建于初唐贞观629年，后因故遭受破坏，仅存大雄宝殿。寺院历代规模均较为宏大。大殿最大的看点是侧壁和中壁上的明代壁画，题材包括天龙八部、善财童子五十三参等，殿内藻井等处绘有多处彩画。● 文物保护：2019年，龙藏寺公布为第八批全国重点文物保护单位● 开放状态：工作日侧门开放，但大雄殿与毗卢殿处于打围修缮中● 地址：成都市新都区新繁街道四川省荣军院内	👉青白江明教寺觉皇殿明教寺建于唐咸通九年，近代曾一度作为学校使用，其屋顶、结构、装修都有一定的改动。其中最引人注目的乃是殿内保存的一尊明代佛像和一尊童子像。在此，人们也发现了清代壁画中夹有明代壁画，该壁画是成都五处明代壁画中唯一一处重层壁画。● 文物保护：2012年，明教寺觉皇殿被公布为四川省文物保护单位● 开放状态：修缮中，未对外开放● 地址：成都市青白江区城厢镇（武庙旁）	👉龙泉石经寺大雄宝殿石经寺建于东汉末年，寺院依山而建，布局错落有致，颇为壮观。大殿内部装修华丽，除主体承重结构柱梁檩枋外，角背、驼峰等装饰构件众多，殿内设有天花，更显美轮美奂。● 文物保护：2014年，公布为四川省文物保护单位● 开放状态：对外开放● 地址：成都市龙泉驿区茶店镇石经村	👉彭州涌华寺观音殿涌华寺始建于晋代，现存山门、大雄宝殿及观音殿，其中唯观音殿年代较久远。大殿内原有的壁画毁于2008年汶川地震。殿内其他地方，譬如月梁、雀替也称得上做工精美。● 文物保护：1997年，公布为市级文物保护单位● 开放状态：对外开放● 地址：成都市彭州市磁峰镇涌华村（注意上山路为车辆单行道）
中午午休时间 骑到湖边逛逛,https://www.xiaohongshu.com/explore/6606a6ab0000000013027970,5bced25e78db6f0001176337,新繁,https://sns-avatar-qc.xhscdn.com/avatar/5da1bea0a7d13c00016be195.jpg,江苏,2024.03.29,0,0,7,0,
4月24号！新繁迈巴赫婚车荷中居酒店,https://www.xiaohongshu.com/explore/66285d3d000000001c0089d8,63abdaf10000000026011da3,成都英吉睿咨询,https://sns-avatar-qc.xhscdn.com/avatar/656471943ff80c0001939ecd.jpg,四川,2024.04.24,0,0,1,0,时间：2024年4月24号酒店：新繁荷中居酒店婚车公司：成都英吉睿婚车主婚车：迈巴赫S450跟车：5辆奔驰E300L成都婚车价格：3699元新繁婚车价格：3699元车队行程：新繁集合（50公里以内）成都新繁婚车租赁，迈巴赫婚车车队价格，新繁租婚车，新繁婚庆车队，迈巴赫婚车租赁，成都结婚婚车租赁
呜～同学们太热情了,https://www.xiaohongshu.com/explore/655070ea000000001b036edb,60338d6e00000000010083bb,新与新奇百宝屋,https://sns-avatar-qc.xhscdn.com/avatar/1040g2jo30rc83mr11g605o1jhln090tr09uv5u0,未知,2023.11.12,0,4,4,0,新繁繁湖盛肆杂货铺营业中[哇R]
套二找室友！,https://www.xiaohongshu.com/explore/660cdccf000000001a010a47,619cb1de000000001000fd74,晚风,https://sns-avatar-qc.xhscdn.com/avatar/2b4cefbb01e0a0824f5c173dde7f98b2.jpg,四川,2024.04.03,0,9,3,0,本人性格很随和很好相处， 想诚心找一个合得来的小姐妹一起租房子，屋里都收拾干净了，方便的话随时都可以住，房东不在跟前，麻烦事情很少，公共区域很大，卫生可以轮流打扫，可以带宠物，但要保持干净卫生，房租很便宜，喜欢的小姐姐可以私！
我在百度地图上发现了一个超棒的地点,https://www.xiaohongshu.com/explore/65fb8d480000000012032dc3,6156c052000000000201d0c6,南栀倾寒Ç,https://sns-avatar-qc.xhscdn.com/avatar/645b7f83b46568f580649586.jpg,未知,2024.03.21,0,0,1,0,这个地点就是【成都市新都区新繁法律服务所】，地址在：【成都市新都区新繁街道北一环路475号】，快来看看吧~~
周末‖安逸的小镇生活,https://www.xiaohongshu.com/explore/606d2809000000002103c194,5cfd1829000000001100e4d9,立青,https://sns-avatar-qc.xhscdn.com/avatar/604cbc3acef1db22a63df9a7.jpg,未知,2021.04.07,1,6,7,1,上周想去安静的地方待一下就找到了这个小镇——新繁	很安逸很安逸那种小镇人民慢悠悠晒着太阳看着小朋友跑来跑去就连公交都是可可爱爱东湖公园可以进去转转像是一个小型热带雨林	💛到达方式：三号线到「钟楼」下＃45路公交车🚌可以直达新繁小镇	如果有机会我一定要再去一次找个客栈住一下慢慢的感受小镇宁静，感受慢生活~还有哪里的小镇很休闲安逸啊？给我安利一下呗	＃小镇 ＃周末去哪 ＃安逸 ＃公园 ＃新繁
,https://www.xiaohongshu.com/explore/653a0507000000001f039a7e,5d2c56f5000000001001826e,@@,https://sns-avatar-qc.xhscdn.com/avatar/5d2c56f5000000001001826e.jpg,未知,2023.10.26,0,13,1,0,有多少人收到了新繁街道的入职通知啊大家交换一下情报  好像说的才2k多
成都新繁全屋定制工厂值得去吗📍,https://www.xiaohongshu.com/explore/646d78630000000013014b76,633521030000000018029229,阿某,https://sns-avatar-qc.xhscdn.com/avatar/6445ea0a59d97ae23820fdc3.jpg,未知,2023.05.24,18,65,32,8,朋友们在我花了两天逛了新繁以后给大家避避雷‼️‼️‼️最开始都在说新繁工厂多，价格肯定更划算，又是工厂可以直接看到工艺，又是很多大厂的代工厂所以很心动。我相信大家都是这样才想去新繁的。那么问题来了[失望R][失望R]我去了以后逛了不下10家，有些有工厂有些是展厅，每一家进去以后价格都不一样。包括小红书推荐的我都去了几家😔有些甚至会看你开的车子和交流情况当场定价格，一下子贵个100多一平都有。（销售痕迹比较重就像你们去批发市场会乱喊价一样）📍📍📍我问的最多的是鲁丽欧松板的价格，都有很大区别（重点分精板素板😂）😱遇到最多的问题就是告诉你的品牌材料，但是同一个品牌东西都不一样，甚至有些都不能确定是这个品牌。😨其次就是每家的全屋定制设计的水平也有好坏，但是你在工厂其实不怎么看得出来，还不如在城里可以看到他们正在做的全屋定制的强。😰而且去了以后，你要确定这个工厂是不是他们的，有些他们带你去的工厂都不一定是他们家的，要问清楚。🤭所以我不建议没有确定基材就是全屋定制的柜体柜门用什么材料的人，或者是才开始了解全屋定制的去新繁。什么人建议去呢⁉️已经明确了自己的基材用什么，专门去比价格。🔻已经知道用的基材是什么品牌，主要看封边工艺的。🔻已经在城里了解的差不多了，并且有时间看他们的实际全屋定制案例的。🔻最后就是会砍价的那就可以冲✊什么都不懂的就别去了朋友们🤪🤪🤪
新都|发现一个宝藏聚餐酒店荷中居！,https://www.xiaohongshu.com/explore/65250569000000002101d367,5aaf2503e8ac2b7172fb5357,四块钱的肥肥,https://sns-avatar-qc.xhscdn.com/avatar/60308239d61b60bec02bc300.jpg,未知,2023.10.10,0,0,3,1,周末和朋友出游新繁那边，中午他把我带到了荷中居，走到门口我还以为他们不接散客呢，结果不仅接待散客，服务还不错，虽然同时段他们还有接待其他大型酒会，但是也没有疏忽我们这一桌小客户。[哇R]同行三辆车本来还担心车不太好停，结果不仅有空车位，停车场还蛮高科技的，立体可升降的设计很加分！我也是第一次见识高级的嘞！[色色R][色色R]环境也很优雅，下午我们在荷中居他们内部的茶楼休息了一会儿，很舒服，装修和其他地方的茶楼挺不一样的，有点类似那种简欧风，很出片～最重要的是价格还不贵，很实惠！[黄金薯R][黄金薯R]
成都周边摘樱桃了,https://www.xiaohongshu.com/explore/66237bdd0000000003023576,5eaf6b9b00000000010063e8,王小吧,https://sns-avatar-qc.xhscdn.com/avatar/6088a58838950d4308e54d61.jpg,四川,2024.04.20,1,3,0,1,闲来无事，摘樱桃，在新都新繁镇，樱桃都是车厘子树嫁接的，都是鸡心樱桃，颗粒还比较大，除了樱桃还可以摘长桑葚，桑葚很甜。30块钱一个人畅吃樱桃和桑葚，每人交20押金，出来退，带走是40一斤，桑葚25一斤，旁边还有草莓园，草莓10块钱畅吃，带走10块一斤，樱桃园门口有一片三叶草地，有几个秋千，天气好，拍照很好看呀，推荐推荐！！！
新繁美食,https://www.xiaohongshu.com/explore/661f7189000000000401b9e8,5f0bfb6c000000000100311e,就那样,https://sns-avatar-qc.xhscdn.com/avatar/7121a416be8e543266fd62c1cc9d575e.jpg,四川,2024.04.17,0,0,1,0,
成都买家具攻略安排❗️根本逛不完,https://www.xiaohongshu.com/explore/65b307720000000011004474,64b0e2a8000000002b0090bb,小燕子聊家具,https://sns-avatar-qc.xhscdn.com/avatar/1040g2jo310g3ngmc6c005p5gsakap45reuu41pg,未知,2024.01.26,26,0,19,10,✴️成都600w平的新繁家具产业园该怎么逛？	📍位于新繁，香江CBD一号馆二号馆三号馆都是卖家具的，跟富森美的构局差不多，适合刚装房子去找灵感	✅1号馆：一楼软体家具，👉现代极简风格的可以逛逛1楼，二楼实木家具偏多，如果你家是原木风格美式复古风格的，就在二楼逛还是能遇到喜欢的款🤔	✅2号馆：一楼有窗帘，床，床垫，二楼以全屋家具较多，👉以中式现代极简轻奢为主，每家门店都不是很大，想要在一家配齐全屋还是不容易，要多看看	✅3号馆：品牌集合馆，全屋家具和定制里面都有，👉但是如果你是找网红款家具的话有两家还不错，调性很高，但是价格偏高，看品质多对比一下价格😎	📍家和国际：（挨着香江家居不远，可以一起逛）共4层楼，基本上风格中式现代简约更多一些，❌年轻人的话逛的少，款式中规中矩，品质一般，说实话没有香江CBD选择多🔎	📍欧洲城：（在家和国际旁边）三层楼，逛的人很少，里面也有品牌店，有些荒凉，挨着的可以顺带逛一下😯，基本是经销商，也有直营门店，要好好辨别，不然价格容易买贵	📍好迪家具批发城：（香江三馆马路对面）品质一般，款式比较老气，清库存的比较多，每家店的样品摆放的不多，👉如果是租房党，可以去淘一淘便宜的家具	⚠️⚠️家具园区独立工厂展区⭕️如果不想要容易过时的网红款式可以去工厂的独立展厅，面积很大，全屋家具全屋定制都能轻轻松松搞定，价格比商超低25%+💰，工厂主要是给各地供货，自己的厂里划了块区域做展示，没有房租💰和门店宣传费用，👉相当于来打批发，没有商场抬价的套路，🛒自主逛厂无压力😎但是位置相比之下不太好找，虽然你能看着这一片全是工厂，但你不知道哪里是展厅的大门，工厂不对外开放，一般是商家来进货，而且在工厂从生产到成品都可以看到💥	❤️ps:新繁还有爱登堡灯饰城和建材批发市场，繁川大道有商铺卖小件家具、斗柜、鞋柜、单椅等……有需要的朋友都可以来逛逛，价格还是相当划算，带个会砍价的人来，你会很开心，买相因💰	友友们，看完后还有什么疑问，可以在下方留言讨论～
,https://www.xiaohongshu.com/explore/66079eea000000001a00e290,603f337e000000000101f027,小红薯660847CC,https://sns-avatar-qc.xhscdn.com/avatar/645b809d1b0ee4025dc47735.jpg,四川,2024.03.30,0,11,2,0,四川省成都市新都区新繁街道详细地址: 新繁街道高院村绿圃院附近租房子有吗附近租房子有吗
拍不够 拍不完，芍药花海，盛期怒放。,https://www.xiaohongshu.com/explore/661b1a84000000001a00d260,596b38285e87e72e571bfd4e,Rita K,https://sns-avatar-qc.xhscdn.com/avatar/62646a46543b7b616511bdaa.jpg,四川,2024.04.14,36,32,13,19,#芍药花季2024.4.13新繁山水村的芍药花海如期盛放了！4月开始隔三差五地来探访花田，终于迎来最佳花期。不要门票，面积大到随便拍。周末有一些游人，丝毫不影响肆意拍摄的小主们。	逛罢芍药花田，旁边有一条蔷薇步道，花朵初放，估计一周后会开的更繁茂。	村里有三四农家乐，设施设备水平一般，喝喝茶看看花是没有问题的。开车导航“花田居”，之后往小路前行50米，免费停车场有少量车位。
24四川省考选岗，新都区新繁街道怎么样,https://www.xiaohongshu.com/explore/65756b92000000000901af2c,6428ef3600000000100287da,碧螺春去冰拿铁,https://sns-avatar-qc.xhscdn.com/avatar/1040g2jo30tuoo2hc50605p18tsr451uqima15h0,未知,2023.12.10,2,25,8,2,这个地方很偏远吗？为什么报名人数很少，有了解的网友吗？
合租找室友,https://www.xiaohongshu.com/explore/660d77cf000000001a017511,619cb1de000000001000fd74,晚风,https://sns-avatar-qc.xhscdn.com/avatar/2b4cefbb01e0a0824f5c173dde7f98b2.jpg,四川,2024.04.03,0,0,0,0,房子已经租好啦，也打扫干净啦，想找一个合得来的女孩子一起合租，平时休息了可以一起出去玩，房子在小区里面，物业很负责，也很安全，房东不在跟前，没有那么多麻烦事，可以带宠物，但卫生要打扫干净，公共区域轮流打扫，很通风，家电齐全，房租很便宜，合租压力没有那么大，就一个套二，喜欢的小姐姐可以私！期待志同道合的你🤗
成都房价降了🏠买房一定避开这些区域,https://www.xiaohongshu.com/explore/65fae4fb00000000120335c9,655d7462000000000800027d,A小酒窝咨询,https://sns-avatar-qc.xhscdn.com/avatar/1040g2jo30vehb1sj66005patehh200jtv78e8d0,未知,2024.03.20,0,0,2,0,现在成都还能买房吗?  回答：可以买！[红色心形R]     不过一定要选好板块，如果你不想当韭菜，这些版块都不要去碰，这些地方买了直接站岗[猪头R][一R]     天府新区的华阳老城区，城市界面已经固化，现在是啥样，未来也会是啥样，不要说增值了，能保质就算不错了[二R]      双流的牧马山，有人说那边是别墅区，空气好，听起来是很不错，但那边最基本的居住属性都没有，真的是很不方便，有管家的老板除外。[三R]      龙泉的阳光城板块，虽然离东安湖比较近，但它自身的板块没得实质性的新规划，一直都是老样子，很长段时间都不会发生大的变化，而且周边的二手房成交的周期相当长。[四R]      新都的新繁，温江的金马，郫县的安德、三道雁、双流的黄龙溪等等。这些二圈层的边缘城市只有两种购房者可以选择，第一种是当地人，第二种是买来养老的，我实在想不出让年轻人去购买这些板块的理由。[玫瑰R]最后再补充一条，真正贵的地方，炒房客一般是不会去碰的，除了资金利润率比较低以外，炒房客他也知道什么样的人群会去接盘。[玫瑰R]我们老百姓买个房子，这些坑要是掉进去了，怕是在未来几年甚至十多年都需要弥补这个坑，所以在你决定买之前，可以参考我上面的一些意见，如果还有什么不明白的，你也可以跟我详细聊聊，凭良心给你解答。[红色心形R]总之，在买房时务必要慎重考虑，多做研究，了解自己的需求和预算，以及所选板块的发展前景。
我太爱田园生活了,https://www.xiaohongshu.com/explore/6497b3bf0000000012033c21,575580e36a6a6928bfce4d34,Caroline🦄💕,https://sns-avatar-qc.xhscdn.com/avatar/1040g2jo310am0rc1ma4g48em690e6j9kgmga4k8,未知,2023.06.25,0,1,2,0,成都本地土著，从小就没接触过田呀 地呀然后现在天天都想回我大新繁，简直太好耍了挖蚯蚓 捞河虾  钓螃蟹  抓蝌蚪 带黄鳝 钓小鱼 抓毛毛虫 …简直太多耍的了，比城市头好耍的太多了唯一不好的地方就是，太多蚊子了！我jio板 小腿都被咬肿了[石化R]当真欺负不熟的人哟我要好好赚钱，回新繁养老，弥补我童年的缺失田园，柚柚必须再乡下快乐长大，接地气[害羞R]我可太羡慕我侄儿了 哈哈哈 真的好好耍啊
你们的ultra用的什么表带,https://www.xiaohongshu.com/explore/661dd2a8000000001c009a6a,5bced25e78db6f0001176337,新繁,https://sns-avatar-qc.xhscdn.com/avatar/5da1bea0a7d13c00016be195.jpg,江苏,2024.04.16,7,79,39,2,你的ultra配了什么表带
公主请入住！新繁合租找室友｜仅限女生,https://www.xiaohongshu.com/explore/65b7cec800000000020124a7,59d30254de5fb4040d521f6b,Archer,https://sns-avatar-qc.xhscdn.com/avatar/5e953acd7f2cf5000102ac1a.jpg,未知,2024.01.30,0,15,2,0,📍位置：新都区新繁镇欧尚花园🏠户型：套三⏰租房时间：半年（到期后可自行和房东谈续租）我自己租的，目前只住了我自个儿，只想找女生室友，不能带男朋友回来过夜🫡爱干净，公共区域共同维护！其他没什么要求💗价格便宜，希望找到情投意合的姐妹👭
新繁合租,https://www.xiaohongshu.com/explore/660fb9c4000000001a01524e,619cb1de000000001000fd74,晚风,https://sns-avatar-qc.xhscdn.com/avatar/2b4cefbb01e0a0824f5c173dde7f98b2.jpg,四川,2024.04.05,0,5,0,0,找一个合适的女孩子一起合租，房租便宜，喜欢的可以私
欢迎来到新繁，这里是新繁。,https://www.xiaohongshu.com/explore/65c86fec000000000a0309ef,6585977f000000001c024edf,老边家腊味,https://sns-avatar-qc.xhscdn.com/avatar/1040g2jo30t051e6e3q6g5pc5itvn4jmvenvvdk8,未知,2024.02.11,0,0,0,0,这里是新繁，历史比成都还要早，如果古寺庙还在的话有上千座中国古寺庙最多的小镇，大唐第一宰相李德裕的林园官邸也在这里，这里也有陕西会馆和陕西街，出过很多名人现在只知道张杰。
一起庆祝吧💜,https://www.xiaohongshu.com/explore/660ffbd1000000001a016df9,64ab5c4b000000001f005466,新繁,https://sns-avatar-qc.xhscdn.com/avatar/1040g2jo3114jnaul6i6g5p5bbh5nol36416p4e0,安徽,2024.04.05,0,0,0,0,
新都甜品台｜粉色兔兔色系甜品台,https://www.xiaohongshu.com/explore/662511580000000004019907,5af0504611be107f7689c40e,24CAKE,https://sns-avatar-qc.xhscdn.com/avatar/1040g2jo30qrfd656gq004a54j284dh0evmfme5o,四川,2024.04.21,2,2,5,0,今天一开始摆，客人们就来围观，在人群中“见缝插针”的拍照，以至于镜头都没有擦干净[捂脸R]
399包妆造拍一组复原汉服,https://www.xiaohongshu.com/explore/6539d0a50000000025022faa,5a891f3111be1004b8d66c53,陶陶玉之,https://sns-avatar-qc.xhscdn.com/avatar/1040g2jo310vj3e04mo004a1ir5fj2r2jampv7so,未知,2023.10.26,16,34,70,4,为了拍这套选在了新繁东湖公园是距今1200年中晚唐时期建的唐代园林园内景色非常适合古风、汉服拍摄门票只需2元亭台 楼阁 小桥 池塘建筑古朴精致 游走期间像在园林里穿越了千年的时光 惊鸿一瞥便是大唐的风花雪月
是否勾起你童年的回忆？,https://www.xiaohongshu.com/explore/65eef5bc000000000d00cb86,63c671b30000000027036013,他们,https://sns-avatar-qc.xhscdn.com/avatar/63c67453fad8d144cdb8bbe7.jpg,未知,2024.03.11,6,5,5,3,片片棕叶，叶叶相织，每一道纹路，皆承载匠人之心血。
📍成都买家具必逛家具工厂-新繁家具城🔥,https://www.xiaohongshu.com/explore/66014c37000000001203c424,62174674000000001000ff07,夏夏家具工厂,https://sns-avatar-qc.xhscdn.com/avatar/64d45e443d35930001355c55.jpg,四川,2024.03.25,9,11,5,3,📍成都作为家具产业的老二✅新繁则是老二中的老大新繁家具园区共计600w平方米‼️三❗️天❗️逛❗️不❗️完❗️（超累）✅风格：意式轻奢、奶油风、现代风、简约风、中式、美式复古风、原木风、网红风……🏭上万平独栋工厂展厅，前厅后厂一件也是工厂价💰👌一站式解决全屋家具，一对一服务🔥在这里找到适合自己的生活方式超多传统款式以外还有这样网红款⬇️花瓣沙发、大马士革沙发、云朵沙发、劳伦斯沙发、云沙发、大象耳朵沙发、豆腐块沙发、大黑牛沙发、皮埃蒙特沙发、布达佩斯沙发、钢琴键沙发、康纳利沙发、罗琦堡沙发、棉花糖沙发、帆船沙发、面包沙发、黑糖沙发……	              @家居薯 @专业号助手 @生活研究所 @城市情报官
,https://www.xiaohongshu.com/explore/655327ad000000000f02b3e9,6135a6f9000000000201e061,thx,https://sns-avatar-qc.xhscdn.com/avatar/6135a6f9000000000201e061.jpg,未知,2023.11.14,0,0,1,0,刚来这边，太偏僻了，瑞瑞都点不到[哭惹R][哭惹R]，求求让我交个传媒学院的朋友吧
传承非遗棕编,https://www.xiaohongshu.com/explore/658a72320000000015002545,63b54260000000002600569b,白敬亭的夫人,https://sns-avatar-qc.xhscdn.com/avatar/63b54260000000002600569b.jpg,未知,2023.12.26,2,4,17,1,棕编是汉族传统手工技艺之一，是以棕榈树叶为原料编制的工艺品。棕草制品，古来有之。长江流域的棕编主要产于陕西南部的汉中。四川、贵州、湖南和江南等地，以四川新繁棕编和湖南棕编玩具最负盛名。 此外，贵州塘头棕编提篮、浙江武义棕绷亦很有名。 四川新繁棕编是新都县新繁镇传统产品，有2000多年历史。注:图片来自贵州棕编传承人——欣欣
拥有自己的小天地 是超级快乐的事,https://www.xiaohongshu.com/explore/6626506c000000001c00570d,6444b2af00000000290133bb,小葵日志,https://sns-avatar-qc.xhscdn.com/avatar/659e3572310e9292127bfe7e.jpg,四川,2024.04.22,0,0,1,0,一个月里，我学会了棉/麻衣裳的清洗与挂烫，	学习到了色彩更丰富的搭配元素。	我见证了自己从无到有的变化，偶尔想要歇一歇，姐姐也会不停鞭策着我，带给我力量。我曾说，我想做一个富有力量感的女人。这份工作使我无时无刻给予大家力量与赞美，我喜欢创造这些情绪价值，喜欢大家在这方小天地里，做自己，做快乐的自己。	有时候，换上不同风格的衣裳，就多了另一种心情。有松弛、随性、可爱，随之而来是更加自信，是最爱自己，爱数个瞬间的自己。这就足够了，人生小满胜完全。人生里的小确幸/稳稳地幸福/无数次轻松的时刻谢谢小满和野，带给我的快乐，也带给一个快乐的我。
买家具避坑成都新繁香江CBD，奸商多,https://www.xiaohongshu.com/explore/64f88465000000001e0280c4,5bf0e371f6711000014596d5,Book思忆,https://sns-avatar-qc.xhscdn.com/avatar/5c3a25f8aeef560001cdb6aa.jpg,未知,2023.09.06,4,10,8,12,今天被坑了来网上搜才发现香江CBD奸商多的很，特别多挂羊头卖狗肉的！我今天刚踩雷，我8.5号在3号馆一家叫榜中榜实体店看的实木床，花了3130买了个高箱款实木床，给我说月底之前肯定好，完了下单的时候那个店员非要把我之前问过一下并没有决定要买的主卧床开进单子，说好送货时间一推再推，结果今天送货来，给我送两个，我早就在微信说了只要了一个次卧高箱的，他们老板打电话来指责我，说我一会要一会不要的，煞笔店员当天就给她说了只要次卧，后面把微信截图给她看，也一直还在BB，明显就是他们店员的问题，后面就只给了一个次卧的床，安装好了也把尾款结给他们了，结果晚上回家来看，货都不对板，床头都不一样！明显的贴皮，质量也差，店里给我吹的啥子白蜡木，全实木，没有一点贴皮，不管说的是不是真的，店里看的到至少质量我看到能接受，可是给我送来的货居然是这样！微信找他们都不开腔回话，估计是自知理亏！说实话我这个人不想麻烦，退货自愿承担来回运费，想让他们尽快把他家的脏东西从家里搬走，看到碍眼，但是着实有点气不过这样不要脸的奸商，分享出来给大家！现在正在气头上！大家千万擦亮眼睛，线下买家具下单喊店家写清楚如果跟店里不一样就不要！能录音都最好录音，真的觉得网上买东西货不对板踩坑就算了实体店都能这样，也是吃一堑长一智了，大家千万别去这家叫榜中榜的黑店！！！！
新繁家具城-超高颜值的火烧石餐桌🔥🔥,https://www.xiaohongshu.com/explore/661f58140000000001031dfb,658840e4000000001c00bef2,成都夏夏家具工厂,https://sns-avatar-qc.xhscdn.com/avatar/65dec42b32377300019293f0.jpg,四川,2024.04.17,1,2,1,1,@专业号助手 #@家居薯  @小红书创作学院
豆瓣抄手！成都新都美食！太好吃了,https://www.xiaohongshu.com/explore/6613d882000000001b013664,594a48966a6a694029dcb710,索非,https://sns-avatar-qc.xhscdn.com/avatar/1040g2jo30t4sq27s460049kjqf49ddoggmbbplo,四川,2024.04.08,0,0,3,0,麻辣鲜咸，适合重口味的宝宝！
✅入园指南｜成都新都区一级园最新名单,https://www.xiaohongshu.com/explore/6614e10c000000001a011acf,65123a57000000002401785c,蓉城西西妈,https://sns-avatar-qc.xhscdn.com/avatar/1040g2jo30t69c908k26g5p8i79bp2u2ss6nt4m0,四川,2024.04.09,10,4,10,1,🌟新都区23年新增5所一级园-🏫截止目前，新都共有17所一级园，其中成都市新都区新繁幼儿园、成都市新都区机关幼儿园新城校区等，为四川省示范性幼儿园。（见图2️⃣）-📍新都区公办园按街道划分，就近入园（见图3️⃣-1️⃣1️⃣）-看看有没有你家附近的学校～
新都蛋糕｜我怎么觉得它在楚楚可怜的看着我,https://www.xiaohongshu.com/explore/6624837a0000000001004e1e,5af0504611be107f7689c40e,24CAKE,https://sns-avatar-qc.xhscdn.com/avatar/1040g2jo30qrfd656gq004a54j284dh0evmfme5o,四川,2024.04.21,2,1,3,0,
这个套三单卫的房子还是蛮漂亮的呀,https://www.xiaohongshu.com/explore/661d0e1f000000001a00faaf,5eb26d53000000000100428b,Meng。,https://sns-avatar-qc.xhscdn.com/avatar/5eb26d53000000000100428b.jpg,四川,2024.04.15,0,0,2,0,新繁街上 套三单卫的房子 有没有喜欢的呀咦咦咦 60多个
新繁家具城｜10000+搞定全屋家具，太香啦,https://www.xiaohongshu.com/explore/66225da300000000040186bc,658840e4000000001c00bef2,成都夏夏家具工厂,https://sns-avatar-qc.xhscdn.com/avatar/65dec42b32377300019293f0.jpg,四川,2024.04.19,1,3,1,1,@小红书创作学院  @家居薯
成都新繁镇找合租室友,https://www.xiaohongshu.com/explore/65ce223d000000000b020e5d,63863842000000001f01cd6b,🙈,https://sns-avatar-qc.xhscdn.com/avatar/63863842000000001f01cd6b.jpg,未知,2024.02.15,0,10,6,0,
成都 新繁 外南街,https://www.xiaohongshu.com/explore/65a911f3000000002b01f08f,5fdc4ce500000000010094c6,Rebecca（见过张杰7次版）,https://sns-avatar-qc.xhscdn.com/avatar/1040g2jo30qjfg72k04005nus9jig95663etkejg,未知,2024.01.18,3,27,36,0,当然要去看看你小时候生活过的地方啦
新繁有没有人和我合租,https://www.xiaohongshu.com/explore/65d020b4000000000b021180,63863842000000001f01cd6b,🙈,https://sns-avatar-qc.xhscdn.com/avatar/63863842000000001f01cd6b.jpg,未知,2024.02.17,0,10,1,0,
新繁租房,https://www.xiaohongshu.com/explore/652666fc000000002101fac8,5f3aa5b60000000001002264,孤单又灿烂的神,https://sns-avatar-qc.xhscdn.com/avatar/5f3aa5b60000000001002264.jpg,未知,2023.10.11,0,13,2,0,新都区新繁街道有个套四，价格便宜，有一起合租的吗？
成都遛娃-每月只开放两次的黑熊中心,https://www.xiaohongshu.com/explore/656070ef000000001100f9f4,5cc239fd000000001003c4a8,成都遛娃活动｜瑞瑞妈,https://sns-avatar-qc.xhscdn.com/avatar/1040g2jo30qdeimnjga605n6277uk7h587m34o0o,未知,2023.11.24,8,1,7,7,龙桥黑熊救护中心，一年仅开放24次在这里，每一只黑熊背后都有一个动人的故事，而您将有机会近距离了解它们的历程。这是一个治愈心灵的过程，您的家人将在这里感受到关爱的力量，为这些弱小而坚强的生命献出一份爱意。中国黑熊救护中心致力于保护和救助黑熊，通过生动有趣的教育项目，我们将为您展示如何共同努力，保护野生动物的多样性。这是一个家庭一同学习、共同成长的绝佳机会。四川龙桥黑熊救护中心是中国唯一的黑熊救护中心✅活动地址：新都区新繁街道薛家船风景名胜区内✅活动内容（全程由中心专业人员带领讲解）1⃣熊种科普：认识并了解亚洲黑熊，世界八大熊种科普2⃣熊区参观：参观棕熊去、月熊区，近距离观察月熊的幸福养老生活，了解月熊小百科、月熊故事、丰容玩具及设施等。能想象吗？熊熊的玩具都有38种3⃣ 参观月熊纪念园感兴趣的伙伴下方留言或进小红书群聊
北边的超超超大集市！！主打一个品类丰富👍👍,https://www.xiaohongshu.com/explore/649189da000000001203035f,6306f511000000001200e5ea,雪噢,https://sns-avatar-qc.xhscdn.com/avatar/646da939e1659be30d38939b.jpg,未知,2023.06.20,34,13,39,17,📅双号（人多些	🚩搜新繁综合市场（地图放最后了）	这个市场真的很全！！市场蓬里有商户，主要卖肉菜类。综合市场外面还有一圈商贩，主要售卖个人种植的蔬菜。包括不限于猫猫狗狗🐶，竹编类（有门店，很齐全），花草树苗🌸，草药🌿，金鱼鱼缸假景🐠…衣服裤子就更不用说了，两三条街都是，价格10-80不等。日用品也很多[笑哭R]	1️⃣主要卖公鸡母鸡，个人种植蔬菜，小树苗和花草类的，8:30就有人拿着喇叭喊收拾了。去晚了只有🐔咯咯卖[捂脸R][捂脸R]2️⃣这是之前下雨天去了一次，上一张图的另一个角度拍的[doge]3️⃣！！10元2个口口脆[萌萌哒R]上次在朋友家那边口口脆3.5元一斤，10元称了一个比这个还小的[石化R]还是集市香[笑哭R][笑哭R]4️⃣这家紫菜丸子好吃！！虾丸容易煮散，老板说煮不了太久，看个人技术，没有加其他东西就是纯虾。牛肉丸看个人，平时吃惯了潮汕牛肉丸，就感觉还好。反正老板口气不小，说的所有丸子货真价实，可以拿去做检测[笑哭R][笑哭R]猪肉丸有紫菜和蒜，牛肉丸，虾丸，鱼丸。个人最推荐紫菜丸[赞R][赞R]5️⃣一家专门卖竹编制品的，超超超齐全[捂脸R][捂脸R]6️⃣竹编店旁边就有很多卖小狗小猫的，有两家门店。怀疑有些🐶可能是走丢的，因为品种太杂了，哈士奇博美柯基都有。门店外面有散户卖猫猫狗狗7️⃣新繁夏豆花旁边的叶儿粑好好吃啊[喝奶茶R][喝奶茶R][喝奶茶R]平时吃什么都吃一半的吃完了整个，超香[暗中观察R]	走走走，赶新繁[doge][doge]
一袭旗袍 一梦芳华,https://www.xiaohongshu.com/explore/65f6cff6000000001203ef95,5fd8cae1000000000101f06b,哒哒哒哒哒,https://sns-avatar-qc.xhscdn.com/avatar/5fd8cae1000000000101f06b.jpg,未知,2024.03.17,0,0,3,0,新繁东湖公园，拍到了你想要的旗袍了吗？[暗中观察R][暗中观察R][暗中观察R]我会拍[赞R][赞R][赞R][斜眼R][斜眼R][斜眼R]找我找我找我
在成都｜今日实景～,https://www.xiaohongshu.com/explore/655999480000000032001a17,5a609d224eacab3c638a84c7,南宅一生装饰,https://sns-avatar-qc.xhscdn.com/avatar/5c59959729930400018681d9.jpg,未知,2023.11.19,2,0,3,0,坐标：新都新繁镇建面：190平米（原结构为两个套三打通）施工状态：全屋砖铺贴完毕，卫生打扫完毕，待保护地面施工进度：灰工进场做墙面 涂刷墙固（清水墙本可以不用做这一步，业主要求涂刷墙固） 找平层石膏施工过程每一步都不敢马虎 更不能参假，这不仅是对业主负责，也是对自己的事业和良心负责[害羞R]
成都哪里买家具最好？,https://www.xiaohongshu.com/explore/65e17fee0000000003035eb4,5c0a427400000000070105e0,成都家具琳姐,https://sns-avatar-qc.xhscdn.com/avatar/1040g2jo30tvnp8n24e504but4s1781f04nsvc7g,未知,2024.03.01,1,0,2,1,新繁作为成都主要家具生产基地，如果你正打算购买家具，那这里值得来逛一逛哦	🌈这里有很多家具商场🌈   最主要还有很多前店后厂的家具工厂，家具生产基地。源头工厂的优点就在于，你可以到生产车间，看得到生产，用得实在。其次款式多，好选择，最主要是价格省去了中间商的费用，你直接到的源头，拿的一手货源，价格肯定划算很多如果你最近要选家具，可以来参考了解哦
,https://www.xiaohongshu.com/explore/65e2b2730000000003034472,64ca015a000000000b006c18,房产+美妆圈小哥哥,https://sns-avatar-qc.xhscdn.com/avatar/1040g2jo30vtfg9urlo6g5p6a05d2or0oc5i5o00,未知,2024.03.02,0,0,2,0,住在有会所的房子是种什么体验。    个小镇上 住在自带会所的房子是种什么体验 当然居住在这个里面 身份的象征提升
定制工厂日常碎片记录,https://www.xiaohongshu.com/explore/64e705e0000000000301d0a1,5be95daaa051460001fb8785,成都全屋木作Liii,https://sns-avatar-qc.xhscdn.com/avatar/648d80c4da00e01b0b9993b3.jpg,未知,2023.08.24,0,2,1,0,工厂在成都新繁家具园区主要生产定制木作类家具｜全屋柜类｜木门｜护墙｜
在新繁单价4千多就可以买电梯房了,https://www.xiaohongshu.com/explore/661a9ae6000000001a0171ae,5cf6c61c0000000011006721,新繁二手房,https://sns-avatar-qc.xhscdn.com/avatar/1040g2jo311hlrbk86k6g5n7mooe48pp1vmk50m0,四川,2024.04.13,0,0,3,0,
新繁三居室找合租室友,https://www.xiaohongshu.com/explore/65e33be3000000000b02253a,56b848c4b8c8b47ca6123c89,小猫咪要high,https://sns-avatar-qc.xhscdn.com/avatar/1040g2jo311ru3jf5gujg45gpnb4c8f49qis0520,未知,2024.03.02,0,4,0,1,
成都600w平的新繁家具产业园🉐这么逛‼️,https://www.xiaohongshu.com/explore/64e1f801000000000a018b18,62174674000000001000ff07,夏夏家具工厂,https://sns-avatar-qc.xhscdn.com/avatar/64d45e443d35930001355c55.jpg,未知,2023.08.20,32,60,31,28,1⃣如果是去寻找家装灵感去大型商超，如香江CBD，里面有上千家家具门店✅优势：风格多样、各个价位都有，逛起来快捷，适合找灵感❎劣势：每个店只有几百到一千平，同一品牌想找合适齐全的不容易，分辨不出大厂开设的展厅还是小店2⃣如果是目标明确想看意式网红风🔺选择一：香江CBD只有两家，调性比较高，我选了其中一家更性价比的✅优势：品质高❎劣势：价格贵适合有预算的友友们🔺选择二：在厂区里划了一块展示区域的成都本地工厂✅优势：性价比比较高❎劣势：品质次于选择一，但算是成都本地品质较高的工厂，适合没有预算，又想做意式轻奢风的友友们	3⃣如果不想要容易过时的网红款式去工厂的独立展厅✅优势：独立展厅面积很大，类目齐全，全屋家具全屋定制都能轻松搞定，价格比商超低20%+❎劣势：位置相比商超不好找，虽然你能看着这一片全是工厂，但是你不知道哪里是展厅的大门，路边会有人告诉你他带你去，但是一定要认真辨别真假，让信任的人带你去。	4⃣如果不想像无头苍蝇一样选家具新繁家具园区占地600万平，无论是家具、窗帘、灯饰甚至原材料，这里琳琅满目，让熟悉这片园区的人带着逛3天才能搞定的事，半天解决🤔	                 @城市情报官
新繁还能有“这样”的婚纱礼服馆。,https://www.xiaohongshu.com/explore/661c9f5c000000001b00b6f6,6095f937000000000100849f,新繁梵希婚纱礼服馆 婚庆,https://sns-avatar-qc.xhscdn.com/avatar/64191343281f8089224f1b36.jpg,四川,2024.04.15,0,0,2,0,婚礼，小仙女最重要的一天，人生最美的一天。千挑万选，找到一件适合自己，并且性价比超高的婚纱。那是何等的幸运和快乐。	我就是天使流落人间[鼓掌R]
五一‼️成都人都在逛的家具工厂园区🈺️,https://www.xiaohongshu.com/explore/661e4a8a000000000103187a,62174674000000001000ff07,夏夏家具工厂,https://sns-avatar-qc.xhscdn.com/avatar/64d45e443d35930001355c55.jpg,四川,2024.04.16,2,0,3,1,成都人都知道买家具上源头工厂‼️毕竟新繁家具产业园是个北方供货的主力军🤔	⁉️工厂什么来历注重品质和性价比的几十年老牌家具工厂，深入厂房流水线内部，友友们来的第一句话都是：没人带还真找不到[捂脸R]	⁉️能适配什么户型公寓loft、小户型、大平层、豪宅都能安排	⁉️什么风格奶油风、中古风、意式极简风、轻奢风、现代简约风、诧寂风……	⁉️有什么面料布类：磨砂布、猫抓布、棉麻、科技绒、雪尼尔……皮类：油蜡皮、纳帕皮、全青皮……	✅各类皮行还算齐全亚岛、神州、时增、红都、始峰、摩图……	✅网红款还算齐全花瓣沙发、钢琴键沙发、劳伦斯沙发、大黑牛沙发、布达佩斯沙发、云朵沙发、云沙发、大象耳朵沙发、帆船沙发、棉花糖沙发、巴顿沙发、罗奇堡沙发、豆腐块沙发……	✅全屋家具都有呢沙发、茶电餐、软床、床垫、单椅、梳妆台、餐边柜、边几……	🎉全屋一站式配齐，随意体验试坐🌷颜色面料尺寸都能随意发挥	🚗送货上门安装啥都不用操心哦还有超多落地实物参考哦	这么宝藏的工厂都被你挖到咯🎉📍坐标成都新繁家具城	             @家居薯 @小红书创作学院
三下乡,https://www.xiaohongshu.com/explore/64a547ad0000000034016c3e,64a43ee00000000010036f2f,SWPU三下乡柚遇棕编实践队,https://sns-avatar-qc.xhscdn.com/avatar/1000g2jo2ogd2ftiju0605p547rg46rpfkpc3c70,未知,2023.07.05,3,2,8,1,🌿-Day1-*游历棕编基地，体悟棕编魅力*🌳青春学而行，风华照此时。为了进一步弘扬和传承棕编工艺，今日怀着对棕编文化的憧憬，我们前往了新繁棕编文化体验馆，在这个盛夏共赴“棕”约。抵达目的地，映入眼前的便是一片绿油油的景象，院子里种满了棕编的原料—棕榈树。一片安静和谐，俨然充满了生活气息。🌳跟随棕编协会主席，我们参观了棕编基地，听棕编协会主席从新繁棕编的工艺历史现状、原材料制作工艺、作品赏析等方面为我们介绍新繁棕编悠久的历史，诠释的工艺文化。通过主席的介绍我们了解到，新繁棕编已经有200多年的历史，它的申遗从成都市一步步到四川省，再到国家级，每一步都是离不开一辈辈棕编传承人的努力🌳协会主席向我们展示了丰富多彩，栩栩如生的棕编工艺品。不仅有蜻蜓、蚱蜢、虾、蜈蚣、龟、蛇、金鱼、鸡、孔雀、凤等极具观赏性的手工艺品，也有帽子，包包等具有使用价值的手工品，可谓是雅俗共赏。棕编产品是有季节性的，人们多在春秋季生产提包，夏季生产鞋、帽。🌳四川的新繁棕编是具有当地特色的民间手工且最负盛名。兼具艺术价值与经济价值。棕编被誉为“中国民间一绝”。🌳非遗传承的任务落在我们肩上，让更多的人知道棕编、喜欢棕编、学会棕编，才能让非遗棕编的技艺能够薪火相传。
成都买房｜新繁的房子现在都卖到1w了？,https://www.xiaohongshu.com/explore/64a5293f000000002b03c98c,649b8bd7000000001c02ac6f,雪姐在装修,https://sns-avatar-qc.xhscdn.com/avatar/649b96a49ea3eec6e29c552e.jpg,未知,2023.07.05,0,3,6,3,[失望R]华业公园名著…新繁的房子都能卖到1w了？位置这么偏这房价…
"棕编：一叶载匠心,巧手变出 “动物世界”",https://www.xiaohongshu.com/explore/64d8d05500000000100334eb,62b293680000000019028ba7,拾遗-薪继,https://sns-avatar-qc.xhscdn.com/avatar/1000g2jo2m782s5kjg01g5oliidk6d2t758a06f0,未知,2023.08.13,6,2,12,1,非遗项目：棕编调研日期：7月4日项目等级：国家级受访人：高崇洋棕编是汉族传统手工技艺之一，是以棕榈树叶为原料编制的工艺品。棕草制品，古来有之。长江流域的棕编主要产于陕西南部的汉中。四川、贵州、湖南和江南等地，以四川新繁棕编和湖南棕编玩具最负盛名。 此外，贵州塘头棕编提篮、浙江武义棕绷亦很有名。 四川新繁棕编是新都县新繁镇传统产品，有200多年历史。4月初，艺人们开始采集嫩棕叶，用排针将叶划割成细棕丝，搓成棕绳、级，经硫磺 熏蒸、晾晒、浸泡等工序，制成洁白、柔软的材料备用，或将部分棕丝染色备用。棕编的装饰方法因物而异。 提包多用胡椒眼技法，即将等距排列的经线相交叉成为菱形，再用2根纬线穿于菱形四角。鞋、扇类产品采用密编法。 帽、席等多用人字纹。用木、纸、泥模型编制的包等产品，其上织饰花鸟兽等图案。用白净的素色棕丝编制的器物像绸绢般华美。 有的用彩色棕丝以挑花、提花、织花等技法织成彩色装饰图案。高崇洋是棕编的传承人，他表示会将棕编与现代设计元素结合，创作出别具一格的作品，进一步提升棕编艺术的影响力和创新力。同时希望青年人继续努力，为推广传统棕编艺术和传承文化遗产贡献自己的力量。
成都人有自己的卢浮宫‼️买家具攻略安排✅,https://www.xiaohongshu.com/explore/657d15b4000000003802c899,62174674000000001000ff07,夏夏家具工厂,https://sns-avatar-qc.xhscdn.com/avatar/64d45e443d35930001355c55.jpg,未知,2023.12.16,7,11,4,2,装修到了家具这个阶段哈，不管是自己装的还是设计师安排，多少都有点自己的灵感咯那么去哪选更合适呢❓	⭕️如果你是不愿意出城，地铁直达的几个大型家具商圈新老太平园、八益家具城以经销商或代理商为主	⭕️如果愿意驱车30min到成都源头工厂家具园区新繁家具产业园🇨🇳第2⃣️大家具生产基地，用不着去佛山就能挖到的源头工厂‼️	超多独立工厂展厅💰同样的品质省30%不是问题家具品类也很齐全：沙发、茶几、软床、电视柜、餐桌椅、单椅、边几、床垫、窗帘	🏭新繁园区有600w平，找不到源头工厂的话还有香江CBD三个馆可逛，不带白来的
年代久远的楠木老树根,https://www.xiaohongshu.com/explore/66061a480000000012035734,660614e8000000000b00cc92,原雅楠木实木大板,https://sns-avatar-qc.xhscdn.com/avatar/1040g2jo310tkehev6o6g5pg62jk2pj4i1ctj6co,四川,2024.03.29,0,0,2,0,楠木树根，根雕原料，需要师傅们细细品味打磨，自然天成。地址成都市新都区新繁镇德润市场A区4栋17号，欢迎光临。
成都｜新繁家具园🔥全屋家具节省30%不是梦🔥,https://www.xiaohongshu.com/explore/66065675000000001a013660,658840e4000000001c00bef2,成都夏夏家具工厂,https://sns-avatar-qc.xhscdn.com/avatar/65dec42b32377300019293f0.jpg,四川,2024.03.29,1,1,1,1,如果你正在看家具👀逛了很多商场都不能让你满意💯	🙋那么不妨来新繁家具产业园看看吧👉距离成都市区30分钟车程	这里汇集上千家家具源头工厂和佛山展厅这里不管是奶油风、轻奢风、法式风、原木风、诧寂风、还是各种网红同款家具都能找到，品质完全不输原版💯	✅在这里尺寸、颜色、面料、都可随意定制✅没有中间商，所以超高性价比，随便节省出一年的火锅钱✅一对一服务，帮您轻松找到适合自己的家具风格✅生产过程和原材料完全透明，生产完成之后，直接打包送您家，没有其他流程，决绝货不对版✅全程包送包安装，我们师傅都是专业熟手	⚠️⚠️⚠️⚠️快来找我吧
四川省乡村艺术节|何氏《新繁传统药浴》,https://www.xiaohongshu.com/explore/661e31ca0000000001032c6a,5f3a3f4400000000010075f7,何氏药浴 国家省级非遗,https://sns-avatar-qc.xhscdn.com/avatar/1040g2jo30q5ola8in46g5npq7t208tfn3p4m8po,四川,2024.04.16,0,0,1,0,何氏药浴（四川省级中医药非遗）传承人何伟和刘旭老师，受邀参加2023年四川省乡村艺术节根据省委、省政府年度工作安排，2023年四川省乡村艺术节于12月在攀枝花市米易县举行，“乡村集市”作为2023年四川省乡村艺术节的重要版块之一，紧扣 “安逸四川 艺术乡村”的主题，将组织全省国家级和省级民间文化艺术之乡（非遗项目），通过艺术节现场展销，展现民间艺术济济一堂的繁荣景象，彰显天府大地各族群众昂扬向上的精神风貌。何氏药浴《新繁传统药浴》传承人何伟和刘旭老师，连夜赶到攀枝花市米易县，“2023年四川省乡村艺术节”活动现场进行布置筹备。何氏药浴《新繁传统药浴》在活动现场开展了药浴“手浴”体验，同时为现场的观众讲解中医药浴文化的历史和中医药浴的养生知识。为期3天的活动时节，我们感受到了米易县人民的热情，准备的所有物品不到2天时间就已经全部卖光。
❤️成都农家乐一日游团建攻略,https://www.xiaohongshu.com/explore/65ac86dd000000002e01fd54,62a403ab000000001b02acbc,派乐生活,https://sns-avatar-qc.xhscdn.com/avatar/646eb334317893000168358a.jpg,未知,2024.01.21,1,0,0,0,"🎉私信太多此号不回复，可直接查看主页DI一篇🎉私信太多此号不回复，可直接查看主页DI一篇🎉私信太多此号不回复，可直接查看主页DI一篇-成都团建|团建策划|团建定制|团建玩法|团建流程农家乐推荐|成都周边|团建玩法|玩法推荐|团建场地-想要远离🎈城市的喧嚣，体验农家乐的快乐看过来，小编精心整理农家乐💘攻略HR直接抄作业-[团建活动流程]:DAY19：00到达酒店10：00热身运动11：00沙滩足球⚽12：00 BBQ13：30猫鼠游戏15：00采摘16：30杯水传情🎊17：30吃晚餐18:30休息-DAY210：00围炉煮茶11：00丛林穿越12：00烧烤🔥14：00趣味运动15：00裸心畅谈16：00🎁定向寻宝17：00返程-[团建推荐地]隐约🎉亮点：大隐隐于市，跟名字一样，和传统农家乐不一样，隐约更像是一个综合体🍓，现在这个时代最火的元素都被它融合进去了。团建玩法：陶瓷彩绘、围炉煮茶💘、趣味运动-桃源山庄农家乐🎉亮点：成都桃源湖休闲度假山庄，交通便利，风景优美。内部环境整洁、舒适🥳，房间舒适通透、温馨时尚，更体现了人性化服务。团建玩法：鼓舞飞扬、群龙取水👏、毕业墙-花香果居💕亮点：花香果居贯穿新繁街道澜木社区，毗邻斑竹园街道，是新繁城区的后花园，农家休闲💝和古迹览胜串珠成链。团建玩法：趣味车轮滚滚、众星捧月👏、棋牌-黑虎农庄乐园💕亮点：在黑虎农庄乐园，游客在领略浓郁的黑虎历史文化的同时，还可以欣赏美丽的自然风光，采摘无公害果蔬，品味自然纯朴的🎁乡村美食。团建玩法：趣味游戏🍺、生态采摘，抢凳子-杏花村文化旅游区💗亮点：围绕打造具有""唐朝风韵、市井风味、农耕风俗、江南风格、山水风情、生态风貌""的""中国第一村""、中国最具活力💞的文化旅游业态。团建玩法：非洲鼓、生死雷阵🥰、怪兽过河-玉皇养生谷💘亮点：玉皇山养生谷位于金堂县官仓镇 ，地处成都平原东北角，金堂、德阳、广汉三市县交界的龙泉山脉💐深丘地区，种植养殖业，家庭农庄、农业观光，丘区林木等。团建玩法：垂钓、登山🚵、棋牌-专业🎊策划定制团建服务定期更新别具一格的方案！此号私信太多，小编🎉不进行回复如需团建可直接查看主页DI一篇文章-"
看看能不能在新都区蹲到一个想拍汉服的,https://www.xiaohongshu.com/explore/64ea2bce0000000012019d13,60693aa50000000001005f71,📷挂耳咖啡不加糖（约拍版）,https://sns-avatar-qc.xhscdn.com/avatar/1040g2jo310fjgje4mg005o397aig8nrhg6bbk9o,未知,2023.08.27,10,18,14,4,去新繁镇东湖公园溜达了一圈，有点长草。公园不大但古香古色，到处都长满青苔，一看就很有年头。忍不住喊一嗓子，有妹子想穿汉服去拍个照么[暗中观察R][暗中观察R][暗中观察R]？住得远的没必要专门跑一趟，最好是离得近的	ps：周末能约	希望有一定上镜的经验。我实在不想再解释为啥相机拍下来的脸跟手机自拍的不一样需要你自己做妆造噢本人男
新都新繁拿下14pro 256G,https://www.xiaohongshu.com/explore/65aca5d6000000002d03f24f,6358d579000000001901eca7,成都祥大侠数码,https://sns-avatar-qc.xhscdn.com/avatar/6597e8629b4dbf0001fa18fc.jpg,未知,2024.01.21,0,0,1,1,"最喜欢的14pro，又拿下一台，小花橙色，128g,骚紫色更加好看，主要还是灵动岛，感觉比萝莉岛还好看小哥哥，直接十秒钟成交"
成都二手房，这⑩大板块不能碰⚠️,https://www.xiaohongshu.com/explore/65d310820000000007005f83,555c3e219a5fe36a1d925a6e,大范的地产观～,https://sns-avatar-qc.xhscdn.com/avatar/1040g2jo30tj1477q4e0040l7kiv22mje6rp46s0,未知,2024.02.19,5,0,2,0,[火R][火R]成都二手房，这些板块不能碰！	[一R]金牛区天回镇[二R]锦江区琉璃厂[三R]成华区龙潭寺[四R]高新区中和[五R]龙泉驿阳光城	[六R]郫都区红光 三道堰	[七R]温江区金马	[八R]新都龙桥新繁	[九R]双流西航港	[一R][零R]青羊区成飞	[蹲后续H][蹲后续H]以上板块除了必要性的自住，一定不要碰，二手流通性极差，没有升值空间。	[请友好R][请文明R]以上都是区域内的天坑板块，谨慎！谨慎！谨慎！
成都想看原木风的🌿这家工厂展厅太好逛了,https://www.xiaohongshu.com/explore/65f04fa0000000000d00f17d,658840e4000000001c00bef2,成都夏夏家具工厂,https://sns-avatar-qc.xhscdn.com/avatar/65dec42b32377300019293f0.jpg,未知,2024.03.12,2,3,2,2,展厅在新繁家具产业园，工厂在都江堰！1998年成立，10万m²的工厂和3000m²的展厅始于原木风但不止原木风，中式 新中式 都是比较在行的	最近在看家具的家人们，希望你能刷到！大数据给我冲💯💯💯
提前知道了大运会的寝室格局😁,https://www.xiaohongshu.com/explore/623ad3740000000001025898,6215cb470000000010005884,努力努力再努力🌈,https://sns-avatar-qc.xhscdn.com/avatar/62303228375e3c40b0e830db.jpg,未知,2022.03.23,2,1,3,1,今天去新繁逛一家家居店，他们是成都大运会的家居类独家赞助商，逛一逛的就看见了为运动员们准备的家具[偷笑R]有种提前拆盲盒的感觉，全是实木的家具，质量真的不错[偷笑R]想提前拥有运动员同款了[偷笑R]
最整洁舒适的出租房,https://www.xiaohongshu.com/explore/6621e241000000000302155b,5a5ec1344eacab7361052701,和7,https://sns-avatar-qc.xhscdn.com/avatar/65e941798d25be362f474e10.jpg,四川,2024.04.19,0,0,3,0,新繁有点要求的请看，这种居家装修的出租房越来越少，好在主人新颖装修还特别会保养！  #
转租转租！！！！！,https://www.xiaohongshu.com/explore/65fba8c9000000001400414e,5a5482b511be100285b0e2a8,焦虑好烦,https://sns-avatar-qc.xhscdn.com/avatar/1040g2jo30o6nlj9qi8704a0o9r1bbol8ul29b9o,未知,2024.03.21,4,21,12,11,新都区新繁镇，套二电梯房转租（我不是中介！！）因个人原因，现在转租出去。一个月 1000，无中介费！！！房东要求找爱干净的租客~有冰箱空调洗衣机热水器厨房有油烟机和灶。可以煮饭！	最快入住时间4月13号左右，因为我还没搬完东西😂    @本地薯 @租房薯
LIVE实况图｜大家看看呢？没翻车吧,https://www.xiaohongshu.com/explore/6620d02c00000000010308f2,636affd30000000023028948,成都中艺印象全屋定制工厂,https://sns-avatar-qc.xhscdn.com/avatar/1040g2jo30v8mjavjle6g5oravv9ot2a8faour4o,四川,2024.04.18,1,0,5,3,小伙们sorry了 有点标题党了，但确实是我们家的全屋定制成都落地现场[赞R]都还没有打扫出来，就着急给你们先拍上看看了！[暗中观察R][喝奶茶R]原图实况，一点没带p的哦！	————————————————我们是成都全屋定制实力工厂[赞R]以品质服务、工艺和性价比为主！📍我们工厂在新都区新繁 展厅在双流区	自有安装师傅和设计师团队！[赞R]板材品牌种类齐全，花色丰富！[喝奶茶R]已经服务过成都即周边上千个家庭！[买爆R]想要了解的小伙们放心冲！[赞R]            @家居薯
来看看新繁中铁的房子,https://www.xiaohongshu.com/explore/6608bdb7000000000401a0a9,6606722a000000000600f5cc,众诚小白,https://sns-avatar-qc.xhscdn.com/avatar/645b7e371fc3de4c930eff9d.jpg,四川,2024.03.31,0,1,0,0,房东买房变现，诚心售卖
小满和野🌲边玩边拍的一天🌨️,https://www.xiaohongshu.com/explore/6605861e000000001203e801,5e204d2f0000000001004a5e,小满和野🎄自然的衣裳,https://sns-avatar-qc.xhscdn.com/avatar/1040g2jo310t1q1eomc005nh09kng8iiukka5pp8,四川,2024.03.28,0,2,6,0,可可爱爱的娃娃领条纹衬衫🐰
成都人必逛的宝藏家具市场，照着逛就对了！,https://www.xiaohongshu.com/explore/660535c9000000000d00d906,63f482a0000000000f01321b,老樊侃装修,https://sns-avatar-qc.xhscdn.com/avatar/1040g2jo30vlriiau5s605ovkgag3qcgr358cdho,四川,2024.03.28,51,7,44,41,最近有不少粉丝朋友让老樊推荐一些在成都设计师常去逛的宝藏家具市场，想去逛逛看看！老樊在成都装修行业混迹这么多年，发现很多人买家具还是喜欢逛线下店，能切身体验和细心比较，是找到理想家具的重要环节，也是线下家居市场存在的意义。今天老樊就整理了10家，有需求的可以收藏看看！	高端	1、南门富森美家居（1号店软装）高新区天和二街189号	2、北门富森美家居蓉都大道68号	3、红星美凯龙成都至尊MALL武侯区二环路西一段6号	4、MKL生活美学中心天府新区天府大道南段2608号	中端	5、居然之家青羊区苏坡东路8号	6、太平园精品家俬武侯区佳灵路58号	低端	7、宜家家居南门店：武侯区益州大道北段9号北门店：成华区蓉都商场将军碑路9号	8、八益家具城武侯区成双大道北段36号	9、元瑞家具材料市场双流区康家堰路一段	10、香江家居CBD新都店：新都新繁街道列维士路514号佳灵店：武侯区川藏立交三环内侧	总结：有钱南富森，性价比北富森，捡漏去红星，淘货到八益、香江，逛街去宜家，没钱没闲网购+宜家
,https://www.xiaohongshu.com/explore/66168af0000000001a01275e,65f26913000000000500fc77,转店找店找霖哥,https://sns-avatar-qc.xhscdn.com/avatar/1040g2jo310i2quolmc005pfid49h9v3nf45t2g8,四川,2024.04.10,3,17,1,2,⭐新都区.新繁龙腾大道【超市转让 有15档烟草证🔥🔥】店铺面积：80平方店铺租金：一年3.5万 带卫生间 仓库 铺子有6米开间 经营毫无压力 老板不在成都 请人做 没人管理 所以转让 如果用心做日流水3-4千没问题 学生上下学 买菜 逛街都会经过店铺门口 客流量有保障 会做的卖学生都要卖不亏本的 转让费不高 有兴趣的老板 欢迎考察
怎么才能装出高级感！,https://www.xiaohongshu.com/explore/65e348dc00000000030315ff,5f00a07b0000000001000d5d,成都家具界的百事通,https://sns-avatar-qc.xhscdn.com/avatar/64ba5cdf3b0b171b2a27a303.jpg,未知,2024.03.02,0,0,7,0,意式极简，实景落地效果！
有钱赚哦谁在新繁二医院附近,https://www.xiaohongshu.com/explore/65ce3bf10000000007024b7e,58fd468e6a6a69201af8d9e0,不知不觉,https://sns-avatar-qc.xhscdn.com/avatar/6310a250dff2745ba15eee20.jpg,未知,2024.02.16,0,8,4,0,我需要顾一个护工，很简单。帮着盯着老人，吃饭，拿药，盯着挂点滴，办出院手续那些。就跑跑腿，120一天，谁要兼职
万能川菜公式🥘正宗川味🌶️厨房小白变大厨,https://www.xiaohongshu.com/explore/65002feb00000000200001cc,5b54225511be101f92da6e5d,古蜀味道,https://sns-avatar-qc.xhscdn.com/avatar/61dfc4ba8febfae490d73251.jpg,未知,2023.09.12,5,0,9,3,①四川人厨房里的必备之物②餐馆里点击率极高的菜品③下饭下酒万能百搭④操作简单做菜一次成功⑤中国地理标志产品，非遗文化十年老品牌月销上万单	【辣三宝组合】🌶️构成：泡二荆条+泡灯笼椒+泡小米辣+泡姜📦规格：250g🌍产地：四川新繁（泡菜之乡）☁️储存条件：常温避光或冷藏⏳保质期：300天🍽️食用方法：川菜辅料或直接食用💰价格：16.9两袋，赶快囤！！！	【食用及口感】搭配：各种腥膻味较重的肉类如：🥩腰片，郡肝，毛肚及各种内脏🍤鱿鱼，蛏子，贝类及各种海鲜🍗牛肉、兔肉、牛蛙及各种肉类口感：🍲香、辣、酸、咸、脆、爽口、提鲜操作：🧂配合姜蒜切碎后炒香放肉，无需其它调味品（口味过重者例外）	这款调料真的是四川重口味爱好者的必备能快速的去腥，提鲜，爽口香味扑鼻，酸辣美味，鲜嫩脆爽推荐你们都试试有着刺激过瘾的辛辣‼️又有绵厚悠长的回味‼️	⚠️【注意事项】翻炒时间：炒香即可，不宜长时间翻炒调料添加：口味重者不建议添加食盐、陈醋，适量生抽即可单吃搭配：如果当泡菜吃，记得配饭配面配馒头，避免太咸推荐指数：⭐⭐⭐⭐⭐	点击图片左下角小框🔗了解详情！！
,https://www.xiaohongshu.com/explore/65f4f9d100000000120308d4,5a5ec1344eacab7361052701,和7,https://sns-avatar-qc.xhscdn.com/avatar/65e941798d25be362f474e10.jpg,未知,2024.03.16,2,13,1,1,新繁租房的小哥哥小姐姐，房新，装修风格新颖，离家具园区近，临街，生活工作双重方便，小区环境优美，安静整洁，居住舒适
2024成都城中村改造项目清单，即将开拆“,https://www.xiaohongshu.com/explore/6610e4ac000000001a00e586,63d8a946000000002702b583,成都小明,https://sns-avatar-qc.xhscdn.com/avatar/63d8a946000000002702b583.jpg,四川,2024.04.06,1,0,1,0,高新区（3个项目）1.高新区中和街道城中村改造项目（集体土地上房屋）2.高新区中和街道城中村改造项目（国有土地上房屋）3.高新区城中村安置房建设项目项目包括中和街道的集体土地房屋搬迁，以及在高新区内选址建设安置房。	天府新区（1个项目）1.天府新区第一批城中村改造项目安置房建设项目该项目包含华阳、万安、正兴三个街道的拆迁范围约1377亩，总改造户数约1786户。其中，天投集团已完成首笔3亿元城中村改造项目专项借款落地工作，总投资预估19亿元。	武侯区（5个项目）1.新苗社区综合体一、二期2.新蕾路、新苗东街、新苗西街3.新苗商兼住51亩4.新苗商兼住43亩5.新苗48亩住宅根据项目介绍可见，2024年武侯区改造机会主要位于金花桥街道华兴地铁站周边，主要包括社区文化、健康、养老服务中心、农贸市场等公服配套设施建设与地块招商运营。此外，上周还公示了武侯区首批征地计划，范围在太平寺片区，太平园家具城、太平寺机场等将会搬迁 。	双流区（3个项目）1.九江未来社区片区城中村改造一期项目2.国际空港经济区双流片区城中村改造项目3.东升三里坝片区城中村改造项目本次招标的项目全是城中村改造，共计约13.224万亩土地，为本次涉及面积最大的区域，投资约175.7亿元，包括九江、三里坝、国际空港经济区、黄水和西安路小区，目前项目已获专项借款7.75亿元。此外预计到2025年，双流区将累计对85个老旧小区实施改造，累计投入资金3285.5万元，直接惠及4300多户居民。	新都区（6个项目）1.新都区大丰街道皇花片区城中村改造项目2.新都区万和同仁片区城中村改造项目3.新都区石板滩街道兴城片区城中村改造项目4.新都区斑竹园街道忠义片区城中村改造项目5.新都区三河街道江陵路互助片区城中村改造项目6.新繁街道东湖片区城中村改造项目新都区改造项目涉及皇花片区、同仁片区、兴城片区、忠义片区、江陵路互助片区和东湖片区，面积超3600亩，预计投资超75亿元。其中，新都城投已获首笔城中村改造专项借款，用于支持新繁街道、三河街道、斑竹园街道三个片区城中村改造项目。图片有温江跟新津的情况
,https://www.xiaohongshu.com/explore/65f002b300000000140065f7,5a5ec1344eacab7361052701,和7,https://sns-avatar-qc.xhscdn.com/avatar/65e941798d25be362f474e10.jpg,未知,2024.03.12,0,4,1,0,新繁出租房，在外漂泊，有个栖息之地，歇歇脚，即使如此，也不要忘记对自己好，住所是为了满足休息，以饱满的精神状态迎接第二天的挑战，对未来目标的实现又近了一步，加油，奋斗中的我们！
超美客片,https://www.xiaohongshu.com/explore/661bdaef000000001a00cdab,604af4380000000001005226,恩蔻婚礼,https://sns-avatar-qc.xhscdn.com/avatar/63e85d91a15b614e359ba60f.jpg,四川,2024.04.14,0,0,1,0,婚礼必拍大合影            #[话题]# fa
,https://www.xiaohongshu.com/explore/65fb836700000000120345da,5a5ec1344eacab7361052701,和7,https://sns-avatar-qc.xhscdn.com/avatar/65e941798d25be362f474e10.jpg,未知,2024.03.21,0,0,1,0,虽然是出租房，但我依然希望你睡得安稳，世界睡眠日，出租房里的故事！新繁租房
,https://www.xiaohongshu.com/explore/65e7d67b000000000b00c325,5a5ec1344eacab7361052701,和7,https://sns-avatar-qc.xhscdn.com/avatar/65e941798d25be362f474e10.jpg,未知,2024.03.06,0,20,4,0,新繁有没有要租套一的小哥哥小姐姐啊，水电气全通，可做饭，有厨房和卫生间，一个人就拥有了独立空间，也可以情侣住，小区环境优美安静。是你奋斗路上的歇脚地
👏 宝藏源头工厂，质优价廉，真的香！🤩,https://www.xiaohongshu.com/explore/65fd105b000000001400645e,65ec1483000000000500d298,夏夏家具,https://sns-avatar-qc.xhscdn.com/avatar/1040g2jo31088ohalmo005pfc2i1h9kkogu0kevg,未知,2024.03.22,4,1,5,0,📸今天来打卡成都新繁的源头工厂，真的是大开眼界👀！🏬进入工厂，首先映入眼帘的是宽敞明亮的生产车间，一排排现代化的设备整齐排列，工人们在各自的岗位上忙碌着，场面非常壮观🎉。🎁在产品展示区，我看到了各种精美的网红沙发，每一件都做工精细，让人忍不住想要带回家🛒。👨‍🎓工作人员还详细介绍了工厂的生产流程和质量控制体系，让我对产品的质量更加放心💪。🙍整个参观过程中，我深刻感受到了工厂的严谨和创新精神，这里不仅是产品的生产地，更是创意和品质的源头🎊。🌈如果你也对网红沙发感兴趣，不妨来这里参观一下，一定会有不一样的收获💡！            #
成都 | 新繁家具源头工厂 工厂价太香啦😍,https://www.xiaohongshu.com/explore/6602a5f80000000013026ace,65ec1483000000000500d298,夏夏家具,https://sns-avatar-qc.xhscdn.com/avatar/1040g2jo31088ohalmo005pfc2i1h9kkogu0kevg,四川,2024.03.26,1,1,1,0,😀成都的朋友们看过来！今天我发现了一个家具的宝藏地——新繁家具源头工厂！🎉这里的家具不仅品质上乘，而且价格超级亲民，工厂价真的太香啦！😍在这里，你可以亲自挑选喜欢的款式和材质，还能看到家具的生产过程，让你买得放心，用得安心。💗无论是现代简约风、北欧风还是中式风格，这里都能满足你的需求。快来新繁家具源头工厂，打造属于你的梦想家园吧！🤩
确认过✅新繁家具城-16800搞定全屋家具,https://www.xiaohongshu.com/explore/660e7a6c000000001a00debe,658840e4000000001c00bef2,成都夏夏家具工厂,https://sns-avatar-qc.xhscdn.com/avatar/65dec42b32377300019293f0.jpg,四川,2024.04.04,0,3,1,0,如果您正在看家具在商场怕踩坑那不防来家具源头工厂看看这里各种风格都有而且至少节约30%	趁着这个假期快来看看吧
新都 新繁 当时38个W没卖,https://www.xiaohongshu.com/explore/655f05130000000033009a46,6263d929000000002102ba95,成都法拍届泥石流,https://sns-avatar-qc.xhscdn.com/avatar/6264f0ebc9f652716b5c333e.jpg,未知,2023.11.23,0,1,2,0,
成都新繁欧范酒店法式设计落地,https://www.xiaohongshu.com/explore/64bbe470000000001701b2d1,5c0e4f1c000000000703f908,全屋定制～璞木,https://sns-avatar-qc.xhscdn.com/avatar/1000g2jo2lb8finkio06g4buvbr7hpu886epp7tg,未知,2023.07.22,0,0,0,0,实木定制酒店装修
,https://www.xiaohongshu.com/explore/65f9405e0000000013026e77,5a5ec1344eacab7361052701,和7,https://sns-avatar-qc.xhscdn.com/avatar/65e941798d25be362f474e10.jpg,未知,2024.03.19,0,7,1,0,新繁租房，喜欢你就来屋内每一个细节都是房主精心打造，每一份用心都是为了你的幸福打拼路，只为你也能因为喜欢而爱护
后悔买家具买早了‼️还没有来这家工厂看看✅,https://www.xiaohongshu.com/explore/64a6325e000000002301ef6c,63468623000000001901f19a,成都智趣空间家居工厂,https://sns-avatar-qc.xhscdn.com/avatar/6392d5a5b893020001db4eb9.jpg,未知,2023.07.06,24,19,25,7,成都本地家具源头工厂🪜❌没有套路❌没有中间商每个生产环节都明明白白，从来不遮遮掩掩！相比卖场，看源头，近距离的品味工艺品质，更能让家人们放心[害羞R]📇:成都新都新繁镇金亿路233号🪧：营业时间上午8点~下午6.30
什么是绿地率？什么是绿化率？二者的区别在哪,https://www.xiaohongshu.com/explore/65f3dbfb000000000d00f135,5ef02b9e000000000100510e,大潘看房,https://sns-avatar-qc.xhscdn.com/avatar/1040g2jo30t13krgh3u005nng5ef08k8ef10i3b8,未知,2024.03.15,3,1,7,0,绿化率和绿地率虽然只相差一个字，但是却有着很大的不同，二者的计算方法和计算范围也是不一样的。1⃣️、定义绿地率：住宅各类绿地面积与住宅总用地面积的比例，是划建设使用指标。绿化率：绿化面积在占地面积中所占的百分比，是开发商宣传楼盘绿化时用的概念。2⃣️、计算公式绿地率：居住区内绿地面积/规划用地土地面积*100%绿化率：植被垂直面积/占地面积*100%3⃣️、计算范围计算绿地率时，公共绿地、宅旁绿地、配套公建所属绿地和道路绿地等会被算为绿地面积，但不包括屋顶绿化、垂直绿化和覆盖土小于2平方米的土地。计算绿化率时，标准低于绿地率，房顶、树影、空中花园等几乎所有附有植被阴影的地方都会被计算在内。4⃣️、二者的区别绿化与绿地，二者的区别主要是对“居住区用地范围内各类绿地”这一概念的不同理解上。买房时，卖方所说的“根据园林专家所言”是一个不准确、不规范的用词，并没有法律和法规依据。绿地率是指小区用地范围内各类绿地的总和与小区用地的比率，在计算时，要求距建筑外土墙1.5米和道路边线1米以内的用地，不得计入绿化用地。此外，还有几种情况也是不能计入绿地率的绿化面积，如地下车库、化粪池，这些设施的地表覆土一般达不到3米的深度。绿化覆盖率是指绿化垂直投影面积和小区用地的比率。树的影子、露天停车场可以中间种草的方砖都可算入绿化覆盖率	所以说你明白它们两的差异了吗
成都团建|超适合放空自己的宝藏地方,https://www.xiaohongshu.com/explore/6617a98f000000001b010472,64da44450000000001010827,乐西团建策划服务,https://sns-avatar-qc.xhscdn.com/avatar/1040g2jo30oacfjf2ic6g5p6q8h2ga217hf5r1jo,山西,2024.04.11,0,0,1,0,"⚠️团建策划，竹叶滴滴我✅哦-成都团建|春季团建|团建攻略|团建场地|团建流程|团建策略|团建方案|公司团建|团建游戏|团建定制-【团建流程推荐】09:00-10:00|到达🚌虹口旅游景区10:00-12:00|真人🎲大富翁12:00-14:00|特🌟色午餐14:00-18:00|侏罗纪🎰逃亡赛主题✨团建-60min 时间🚩战场-100min 江湖故人🚧-30min 守卫🎈团队-30min 抢占⛳先机18:00-20:00|烧烤BBQ🔥21:00|愉快🚗返程-【团建地推荐】🏕桃源山庄农家乐特色：风景☘️优美，内部环境整洁、舒适，房间舒适通透、温馨时尚团建项目：手脚并用🌸、急速60秒、果蔬采摘-🌈虹口旅游景区特色：景点🔥有同心石阵、深溪沟地震遗址、庙坝、旅游集镇、高原河谷团建项目：鱿鱼游💎戏、无敌风火轮、防攻箭-❤️五凤溪古镇特色：有着✨浓厚的清代民居的特点团建项目：定向大🌸挑战、飞盘嘉年华-🌲天台山景区特色：丹☘️霞地貌变化丰富，有""天台天台🌟，登天之台""之说团建项目：趣味车🚗轮滚滚、众星捧月-🔥葛仙山特色：以孤✨峰挺拔，溶洞幽深为特色，座座孤🎈峰呈三角形团建项目：东西南北跑、纳斯卡巨画、极速💎飞盘-🏠不二山房特色：川西民🌟居与自然相融为特色，发挥到了极致团建项目：鼓舞飞扬❤️、群龙取水、毕业墙-🌻花香果居特色：是🌲新繁城区的后花园，农家休闲和🎈古迹览胜串珠成链团建项目：乐队的✨夏天、两人三足、套圈-🌈安仁古镇特色：人文荟萃，🌻镇上有保存完好的明清时期的刘氏庄园群团建项目：春🌟游探秘、趣味运动会、飞盘九宫💎格-🌸团建策划，竹叶滴滴我✅哦"
走进春日/4-6月成都团建攻略分享-,https://www.xiaohongshu.com/explore/65fbae43000000000d00c585,657a69dd000000003d034589,智行团建策划定制,https://sns-avatar-qc.xhscdn.com/avatar/1040g2jo30tob01hhkm6g5pbqd7evehc9tav7oio,未知,2024.03.21,0,0,0,0,"需要团建定制,竹叶DI一个文+我🌟哈-成都团建|春季团建|团建攻略|团建场地|团建流程|团建策略|团建方案|公司团建|团建游戏|团建定制-【团建流程推荐】上午：趣味运动会+撕名牌🌸畅玩下午：13:00-15:00午餐，休息15:00-17:00🐻团队互动小游戏18:00-19:30电🎈影观看19:50-20:30露营🏕/烧烤20:30-21:30篝火🔥晚会21:50返程😘【团建地推荐】🌈桃源山庄农家乐特色：成都桃源湖休闲🌟度假山庄，💎风景优美，内部环境整洁、舒适，房间舒适通透、温馨时尚搭配玩法：鱿鱼🌻游戏、果蔬采摘、防攻箭-🌈五凤溪古镇特色：有着浓厚的清🎈代民居的特点，有着许多移民文化，其中江🌸西会馆就是江西客家人的聚集地搭配玩法：趣味车🚗轮滚滚、众星捧月-🌲葛仙山特色：海拔1322米，以孤峰挺拔，溶洞幽深为💎特色，座座孤峰呈三角形，如刀削斧砍，称奇叫jue搭配玩法：鼓舞🌟飞扬、群龙取水、毕业墙-🌈花香果居特色：贯穿新繁街道澜✨木社区，毗邻斑竹园街道，是新繁城区的后花🌸园，农家休闲和古迹览胜串珠成链搭配玩法：春游探秘、趣味运动会、飞盘九🎈宫格-🌈不二山房特色：推窗开门即可望山⛰️，故名曰“山房”。川西民居与自然相融为特色搭配玩法：东西南☘️北跑、纳斯卡巨画、极速飞盘-🌈安仁古镇特色：是一座有🔥着一千多年历史的古镇，人文荟萃，镇上有保存完好的庄园群搭配玩法：乐队的🌟夏天、两人三足、套圈-🌻团建策划，✨主页DI一个文找我哦"
,https://www.xiaohongshu.com/explore/64e43a18000000001700d2f9,64e39eb000000000010064a3,Keep calm,https://sns-avatar-qc.xhscdn.com/avatar/645b7f6e338379fac1893093.jpg,未知,2023.08.22,0,1,2,0,
新繁学游泳！,https://www.xiaohongshu.com/explore/65fbc6d5000000001203603d,640c6b05000000001002b3aa,游泳老虎教练,https://sns-avatar-qc.xhscdn.com/avatar/640c6b05000000001002b3aa.jpg,未知,2024.03.21,0,1,1,0,新繁二中游泳馆室内恒温游泳池，专业教练、优质服务、优惠活动！没有学不会的学员，只有不会教的教练！
,https://www.xiaohongshu.com/explore/64250e500000000027028a95,5e4a220f0000000001004ca4,momo-xian,https://sns-avatar-qc.xhscdn.com/avatar/6400a0f0a2fd9b4da9e3a923.jpg,未知,2023.03.30,0,0,2,0,单价7千多、买新都次新房😻【峰瑞新天地】2梯4户、电梯小高层🤟次新房面积：121.3平、精装套三双卫、价格：93万🫰93万🫰无增值税，无中介费，感兴趣的可@我约实地看房🤟佛系卖房，有缘者进🫰	＃成都买房攻略   ＃成都买房
,https://www.xiaohongshu.com/explore/65e940d6000000000600e895,5a5ec1344eacab7361052701,和7,https://sns-avatar-qc.xhscdn.com/avatar/65e941798d25be362f474e10.jpg,未知,2024.03.07,0,2,0,0,新繁有没有要租房的小姐姐小哥哥，房屋居家装修，全新，家具家电齐全，小区环境优美安静，适合居住，谁奋斗路上没有几个歇脚地儿呢！龙桥，斑竹园有少量房源
新繁镇1000平库房出租,https://www.xiaohongshu.com/explore/6582750600000000160075c5,5b7bd6c3778af2000140c098,想个名字,https://sns-avatar-qc.xhscdn.com/avatar/1040g2jo30q5eh8lhnk604ahk6fbc7g4on5083io,未知,2023.12.20,1,2,0,0,1000平库房，独家独院，可住宿可办公，交通便利，可进7.2米大车，房东直租，有需要的老板欢迎咨询！
新繁专业汽车音响升级，车身改色,https://www.xiaohongshu.com/explore/62fee3b5000000001800f320,628343ba000000002102b0e6,龙膜漆面膜改色膜,https://sns-avatar-qc.xhscdn.com/avatar/628344aade2e60f6afd1d280.jpg,未知,2022.08.19,0,0,0,0,新繁专业汽车音响升级，车身改色，隐形车衣，喜欢的可以私信哦
新都新繁 96平 套三双卫46W 地铁房16年小区,https://www.xiaohongshu.com/explore/63d8c091000000001d01f7dc,5b73ee0b4f7b3000019e0ebf,成都捡漏房～汪老师,https://sns-avatar-qc.xhscdn.com/avatar/60b1a451f461a4f314bbd358.jpg,未知,2023.01.31,0,0,0,1,新都新繁中间楼层套三双卫真实房源诚信出
盘点成都黑洞板块，有没有您家呢？,https://www.xiaohongshu.com/explore/65e487fb000000000b00f676,654b6322000000000400b568,林帅聊成都,https://sns-avatar-qc.xhscdn.com/avatar/1040g2jo310gs0nodma005pabcch11db88361qf0,未知,2024.03.03,93,169,384,28,成都黑洞板块盘点，我认为的有武侯区的各个工业区物流区，红牌楼科园太平园，簇锦机投，还有锦江区的丧葬一条龙地带，祝望山中和东殡仪馆火葬场，还有成华物流工业区龙潭寺，还有高新西区工业物流区，阳光城，蜀镇，雅居乐，石羊场，东山，西河，安靖，金马，保利198，斑竹园，新繁，龙桥，青白江，国色天香，还有哪些你们可以补充。
成都太古里团队打造Hyperlane超线公园！,https://www.xiaohongshu.com/explore/65bf13dc000000000c0042bc,5e4947a500000000010021d4,道宇,https://sns-avatar-qc.xhscdn.com/avatar/1040g2jo30tg9snn64ekg5ni98uig88ekhj4gfpo,未知,2024.02.04,516,150,868,215,成都超线公园Hyperlane成都新都新城	[星R][星R][星R][星R][星R]全长2.4公里连接多个轨道站点3座跨街连桥8个主题口袋公园	[鞭炮R][鞭炮R][鞭炮R][鞭炮R][鞭炮R]总规模10万平，比肩成都太古里成都太古里的核心团队投资、整体开发建设、统一运营	[星R][星R][星R][星R][星R]商业街区、公寓、众创空间、滑板公园、互动艺术装置[氛围感R][氛围感R][氛围感R][氛围感R][氛围感R]目前一期已开业潮流咖啡、休闲茶室、网红餐饮后期陆续开放，有哪些品牌业态值得期待？
成都新都拍照散步搭子~,https://www.xiaohongshu.com/explore/661cd771000000001a01788c,5fffdb2b000000000101eebe,ovo,https://sns-avatar-qc.xhscdn.com/avatar/1040g2jo30o6tisqe26dg5nvvrclgbrlujckmml8,四川,2024.04.15,2,22,13,0,脾气很好 一起出去打卡吃饭都可以aa 喜欢散步逛街 会拍美美的照片~但是我设备是安卓[微笑R] lo娘jk或者普通朋友都可以~在地铁五号线廖家湾站点附近 搭子ddddd
新都的亲儿子是石板滩，亲闺女是超线公园！,https://www.xiaohongshu.com/explore/65aa5beb000000000c00463d,5791c690bd0da55d3226547d,风车车观察,https://sns-avatar-qc.xhscdn.com/avatar/61965777815b0703afda629d.jpg,未知,2024.01.19,3,6,11,7,新都啊，你真的是把超线公园当成亲闺女在疼啊，不仅修了网红天桥，还给配了地铁接驳的公交车，现在又在努力修地下停车场了，酸了酸了！[偷笑R][偷笑R][偷笑R]
🌈成都各区的常住人口及产业规划,https://www.xiaohongshu.com/explore/650243920000000020001fe3,605552ef000000000100813b,L壹柒安家,https://sns-avatar-qc.xhscdn.com/avatar/641aa629e0321e0001905c54.jpg,未知,2023.09.14,374,24,725,81,今天分享一张成都各区的人口以及产业规划， 下面分享下人口最多的三个区：	[一R]成都常住人口最多的是新都区达到了155万之多产业以制造业物流为主[二R]第二多的是双流 常住人口149万 产业以国际航空物流为主。[三R]郫都区：常住人口139万 产业以装备制造、电子产业为主。	从常住人口来说： 前三强有两个都出自北门、北门被称为所谓的北门XLY、但是它却有着庞大的人口基数以及产业支撑！[点赞R][点赞R][点赞R]所以每个区域都有它独特的价值、都在为成都大发展做贡献、不要刻意去贬低某个区域。      理性讨论 请勿喷[大笑R][大笑R][大笑R][大笑R]
我服了爸爸,https://www.xiaohongshu.com/explore/66234def0000000003021b66,6074ed430000000001007ead,包莱,https://sns-avatar-qc.xhscdn.com/avatar/1040g2jo311pf30vm0g6g5o3ktl1g8vldaqsa070,四川,2024.04.20,0,0,2,0,又要到世界线漫展了怎么那么快啊？我去又要从新都区新繁镇狂奔道西博城了(路程三小时)我服了爸爸
新都，不考虑了哈,https://www.xiaohongshu.com/explore/64c46e92000000001201ca07,62c688920000000002002d8f,辣酱打工日常,https://sns-avatar-qc.xhscdn.com/avatar/1040g2jo3112dgec56k005om6h290gbcf8estg6g,四川,2023.07.29,198,633,542,76,经常遇到这种反应，新都啊，不去了/不考虑了/今年没有指标了新都不熟悉/不了解市场________________手动分割线以上应该是每个新都商业人每天的无奈被拒绝是常事小事，但是真遇到事儿才体会到什么是硬实力	从我自己到新都工作第4年实地体验新都消费力很不错基本还保持着很亲密的大家庭社交关系工作圈和家庭圈重叠度也很高亲戚朋友们也经常会走动聚餐常有城区环境也很不错 蜀龙路修好之后沿途都是很漂亮的花境植栽老城区香樟树、桂花树比比皆是非常有“泉州”那种“小城故事多”的味道特别是宝光寺里面，别有一番滋味不知道是不是贴了“北改”的标签切身感受到 还是有很多人因为不了解新都总有种“老 破 穷”的印象加之这几年，成都向南的口号太强忽略了其实一直很稳健发展产业的新都所以，期待大家看  的时候可以再多开几公里到新都再逛一逛呀	销售口中的二圈层，首先是很多人的家园。[吧唧R]
成都租房(653) loft套一 700/月 空房出租,https://www.xiaohongshu.com/explore/661fdf00000000000d03333d,5cbaeadf00000000170245e3,成都万嘉川租房,https://sns-avatar-qc.xhscdn.com/avatar/644b96f50d9b560001a4d640.jpg,四川,2024.04.17,53,55,99,11,【成都租房-NCC红街-出租653期】loft套一 空房出租 700元/月 房东直租注：空房，没有家具家电，这套房房东可以配个热水器。地址：成都地铁5号线 廖家湾地铁站旁 国际商贸城旁
拍照圣地安利🐼手残党也能轻松出片📷,https://www.xiaohongshu.com/explore/6486e5670000000012031ab5,5b322059e8ac2b3417b1f4a9,成都摸鱼情报局,https://sns-avatar-qc.xhscdn.com/avatar/1040g2jo310rn82nemc0g4a6jl8g5jt59d6mboc0,未知,2023.06.12,299,11,284,106,最近多巴胺拍照📸很火但除了缤纷配色的宝藏拍照地成都还有很多超出片的地方啊家人们！收藏起来给你们精心整理了六个不同风格的拍照圣地立马安排上❗️❗️-📷成都鸳鸯楼✅80年代港风，复古与时髦并存📍成都红瓦寺18号大院	📷成都锦门✅民国风，谍对谍上海30年代📍新都区三河街道	📷东郊记忆✅赛博工业风，潮人出没请注意📍成华区东郊记忆	📷路易城堡🏰✅欧式城堡风，公主蓬裙请带上📍武侯区剑南大道北段	📷易园园林博物馆✅汉服古风，一秒穿越回古代📍成都金牛区金泉路8号	📷荒野之国✅宫崎骏童话风，废料打造的童话王国📍成都双流区青岛路西段	📷安隅小院✅日式风，小丸子的家？📍成都市锦江区幸福梅林
成都周边一日游|新都周末打卡宝藏地推荐,https://www.xiaohongshu.com/explore/65b0b66b000000002c037b6d,6133846f000000001f03d3d9,大鹅旅行笔记,https://sns-avatar-qc.xhscdn.com/avatar/1040g2jo30mt4n0qp4g005o9jghnnvkuppsq41h0,未知,2024.01.24,359,4,403,283,"✅地铁直达❗✅周末遛娃✅朋友闲逛.宝光寺📍地址：宝光街81号地铁3号线钟楼站出站后有公交，也可打车前往❗门票：10r.桂湖公园（免费区域）新都的天然大型氧吧，整个园区有一种苏杭园林的浓缩之美。📍地址：桂湖中路92号❗门票：免费开放（老桂湖公园需要购票）.杨升庵祠(老桂湖公园所在地)杨升庵祠为明代著名学者和文学家杨慎的故居，始建于隋唐。“滚滚长江东逝水”这千古名篇就出自其手。杨升庵祠及桂湖为第四批全国重点文物保护单位，也是老版红楼梦取景地之一。📍地址：位于新都区新都街道桂湖中路109号，门票：20/人，学生半价。.锦门·沉浸式民国景区📍锦门•沉浸式民国景区门票：免费地铁3号线【三河场】出来再步行800米左右；3号线金华市东路c口出，均可.国际商贸城听说是""成都线下拼夕夕“，和成都荷花池有得一比。📍成都新都斑竹园（北星大道北延线/凤凰山体育场/大丰）自驾导航：国际商贸城29号门-超大空旷区域停车方便地铁：5号线-北部商贸城站.斑竹园公园📍导航🧭：新都斑竹园足球音乐公园地址：新都三河理想村停车：停车10元，门票免费.锦门鬼市📍地址：新都区区蓉都家具城门外⌚时间：周五周六18:30.香城湿地公园(新都)📍导航：保利狮子湖湿地公园(或者导航香城湿地公园)✅【交通】地铁1号线韦家碾站出，青冈北路公交站乘坐661A路→保利狮子湖观湖路口→步行425米门票:免费.石板滩宠物城较知名的石灵宠物专业市场。📍四川省成都市新都区石板滩街道蜀龙街与万源大道交叉口向南100米路西💵 门票：无.新都花鸟市场📍四川省成都市新都区公园路117号💵 门票：无.漫花庄园📍新都区蜀龙大道南段1528号公共交通：乘坐地铁二仙桥C1口，出地铁站后门口乘坐666路公交，下公交后步行200米到达。"
在新都。。。成都新晋打卡地！！！,https://www.xiaohongshu.com/explore/65c48b3e000000000201324e,5e3cae610000000001009744,小熊兜里没糖🍬,https://sns-avatar-qc.xhscdn.com/avatar/63fc389baa57c28f569e5e7c.jpg,未知,2024.02.08,38,23,89,21,仿佛走在欧洲街头，随手一拍📷都很出片，浪漫纯净的白色欧式花园建筑风格，不愧是每个公主理想中样子！
成都市域铁路S11号线彭州支线（远期规划）,https://www.xiaohongshu.com/explore/65f281970000000012023ee3,6020aab50000000001000dd5,wzxynj,https://sns-avatar-qc.xhscdn.com/avatar/1040g2jo31002emhom6005o10laqg83elibchfjg,未知,2024.03.14,9,46,66,12,成都市域铁路S11号线彭州支线为原来的成都市域铁路S10号线西段，根据最新规划，S10号线西段已经拆分为S11号线的支线，此线路是成都地铁远景规划（2050+）中的一条线路，连接了彭州市区，新都区和金牛区。该线路一旦建成将极大便捷彭州市人民去往成都城区，促进彭州市与成都城区的融合发展。韦家碾：韦家碾三路/荆翠西路与双瑞四路交叉口凤台三路：熊猫大道与北星大道一段交叉口友谊：北星大道与大天路交叉口杜家碾：北星大道与天龙大道/敬成路交叉口国际商贸城：北星大道与聚虹路交叉口斑竹园：北星大道与兴城大道交叉口公益村：新斑路与五公路交叉口谭家湾：阳光林森路与龙兴大道交叉口哇子林：成彭路与家兴路/香江大道交叉口繁江大道：繁川家具大道与繁江南路交叉口天星街：繁川家具大道与金太路交叉口板桥营：繁川食品大道与新繁大道交叉口利济镇：成万高速与顺河西街交叉口游家坎子：上河湾以西北约300米成万高速上成彭高速：成万高速与彭州三环路交叉口牡丹大道南段：牡丹大道与青白江东路/柏江北路交叉口彭州客运中心：彭州客运中心西北侧，天府中路/天府东路与朝阳南路交叉口天府中路：天府西路/天府中路与南大街交叉口彭州站：高铁彭州站东南侧，天府西路与天人西二路交叉口丽春：丽蓉大道与丽蓉北路交叉口因为这条线路是通往小编的家乡的[偷笑R]，所以就根据成都市城市轨道交通线路规划（2021版）（图二）所提供的相关信息进行创作，希望大家支持我[飞吻R][飞吻R][飞吻R]
在成都！！唯一想去无数次的公园！！（人少）,https://www.xiaohongshu.com/explore/658bcfda000000001d034816,6103ce33000000000101eac7,吹神的二,https://sns-avatar-qc.xhscdn.com/avatar/62d8b81ac21150eebc0822c8.jpg,未知,2023.12.27,261,34,300,147,就在成都新都……这里的红衫就像画里一样！照片没有加滤镜！实拍！美鼠了…	-整个公园挺大的！基本上可以在这里玩一下午！而且人也不多！很惬意哇～周末可以约上朋友遛弯…停停走走一边拍照一边享受大自然的美…悠闲自得～野餐露营⛺️骑行 🚴跑步 🏃徒步打卡 📷，太阳天的时候，阳光映照在湖面波光粼粼，即便是冬日也觉得好治愈✨-🍁：香城湿地公园	@生活薯 @户外薯@走走薯               @城市情报官
富士｜xs20 拍新都烟火气,https://www.xiaohongshu.com/explore/65a6481d000000002901513f,5b74cb0ad88eb3000199f724,📷let long,https://sns-avatar-qc.xhscdn.com/avatar/1040g2jo30s3umc3lio004aevci5gltp4d46ij50,未知,2024.01.16,3,30,19,1,临近过年的烟火气拍到了！全程滤镜使用NC
成都冷门公园GET大草坪，奔跑的快乐谁能懂～,https://www.xiaohongshu.com/explore/646ec79f000000001300c4c9,59f16cc811be103521b1cdce,LittleBusyGirl,https://sns-avatar-qc.xhscdn.com/avatar/65d4db6e434613b30acf22ae.jpg,未知,2023.05.25,535,37,514,191,成都诺贝尔公园来玩的游客太少了，湖边两侧都有草坪，重点没什么人！一个人就可以拥有大片草坪，要是来这里露营会更香！这个公园是一个比较小众地方，旁边都是居民楼，可能当地的人看惯了这里的景色，来这里的人少之又少。脚踏如茵绿草，深呼吸一口，清香的草木味扑鼻而来，让人心旷神怡、如痴如醉。在草地上自由奔跑太惬意啦～🌸怎么玩：1️⃣在这里，你可以体验轻松愉快的社交，打破无趣生活，可以肆意奔跑在草坪上，探索新鲜有趣的运动2️⃣在这里，你还可以带上露营的所有设备，绝美的景色是最好的下饭作料，若是足够有情调，还可以煮上一壶咖啡，大面积的绿色草坪映入眼帘，真是让人大饱眼福。3️⃣不仅有满眼皆是绿色的草海，还可以享受看“海”的独家机位，没人跟你抢！4️⃣清新的空气、宽阔的草坪……在这里，你可以沿着小河静静散步，铺开餐布和家人一起野餐，和家人朋友一起度过快乐时光！☕️附近餐饮：1️⃣周围居民楼有很多餐饮店，选择很多2️⃣也有小商贩在公园里售卖各种小吃，天气热来碗冰粉很不错。草地、河水、树林全有了！关键人还不多，这样的野营地，在成都周边真的很难找到，支起天幕，摆起木桌，一顿独属于营地的浪漫晚宴即将开始。📷拍照建议：1️⃣最好带上浅色野餐垫，和小姐妹找个阴凉的草坪地，怎么拍都好看2️⃣建议穿白色简约的裙子即可，带上草帽等道具，随手一拍都是大片！要是会p图，分分钟充满电影感哦~城市不远，乡野很近，新都的这个公园，是一片让我能在享受悠闲时光的宝藏之地。❗️出行小贴士📍地址：成都诺贝尔公园🎫门票：无🚗乘车路线：乘坐2号线换乘1288等线路在钢城大道北段站下车🚗自驾：导航搜索公园即可❗️注意事项：建议自备粮食和饮水，垃圾也记得带走；天热，记得防晒和驱蚊哦~	成都拍照|成都周边游|成都旅游|成都吃喝玩乐|成都攻略|成都周末游|成都小众打卡地
不是北海道去不起，而是这里更有性价比,https://www.xiaohongshu.com/explore/65da93310000000007007715,603117e3000000000100ba7d,峰窝玫,https://sns-avatar-qc.xhscdn.com/avatar/1040g2jo30qni240vgi6g5o1h2vhg9ejt8l2i6b0,未知,2024.02.25,44,11,58,57,[有R]别再去网红油菜花田挤人了，这里的油菜花也是漫山遍野，还没人，更有乡土气息。今年的油菜花开得特别早，元宵节的油菜花已经开得漫山遍野了，还有开往春天的货运火车，像是去到了日本北海道。[购物车R]导航：新都区木兰镇成都北车站[红书R]这里是一个成都货运火车的集散枢纽，沿着铁轨两旁徒步，有各种各样的火车头和车厢。铁轨旁边就是一大片油菜花，正是花期盛开的季节，一眼望不到头[红书R]也可以把车停到镇上，沿着铁轨走2km，然后在沿着油菜花田往回走，一个小环线大概4km，边走边玩3个小时走一圈，在油菜花田随意穿梭，十分完美的下午时光。	点个关注不迷路，带你玩转成都周边户外溜娃好地方
小满和野🌲自然派小个子女装的👚,https://www.xiaohongshu.com/explore/65f15868000000000d00f4df,5e204d2f0000000001004a5e,小满和野🎄自然的衣裳,https://sns-avatar-qc.xhscdn.com/avatar/1040g2jo310t1q1eomc005nh09kng8iiukka5pp8,未知,2024.03.13,7,2,12,2,希望小满和野可以为你们带来一些温暖带来一束光。🍊🌲☁️
离开成都之前一定要去的！！！！！😭😭😭,https://www.xiaohongshu.com/explore/661179fd000000001b00ec20,5ccd0a5b000000001003f9db,芳心纵火犯,https://sns-avatar-qc.xhscdn.com/avatar/1040g2jo311ei0gjl6m005n6d19dk7uert0tu1f0,四川,2024.04.07,174,10,259,12,去棠湖公园拍古风去二环高架拍爬山虎去兴隆湖看橘子海日落去植物园拍玫瑰和月季瀑布去东湖公园看看紫叶李去海蒂的花园看看绣球花去三圣乡逛逛花市去东湖公园拍七里香去天府石室中学看校园里的黄色七里香瀑布去新繁东湖公园赏唐代建筑去崇州屋漏秋山喝茶看山去新都桂湖公园感受红楼梦和西游记取景地去锦城湖公园看垂丝海棠去红星桥拍泡桐树花开去双流艺术公园草坪上发呆
几百年前你有成都户口,https://www.xiaohongshu.com/explore/65be3b5f0000000007028320,65be24b4000000000903cb1e,域阳枫华,https://sns-avatar-qc.xhscdn.com/avatar/1040g2jo30unc8tutlg5g5pdu4iq2fioubqllj5o,未知,2024.02.03,43,49,178,11,元朝时期成都路，元朝改成都府为路。治成都、华阳两县（今四川省成都市）。元至元二十三年（1286年）为四川等处行中书省治所。领成都、嘉定、崇庆三府，眉、邛、隆、黎、雅、威、茂、简、汉、彭、绵十一州，辖境相当今四川省北川羌族自治县以南，安县、德阳、金堂、简阳、资中等县市以西，内江、井研等市县以北，仁寿、新津、崇州、都江堰等县市以东地。明朝时期明朝时期的成都府真不愧为“大成都”。那个时期的成都真的很大！今天的德阳市、绵阳市，甚至今天的内江市大部在明朝都属于成都府！明朝万历年间的成都府相当于今天的：成都市大部（大邑、邛崃、蒲江除外），德阳市全部，绵阳市市区、安州区、江油市部分，内江市的市中区、东兴区、资中县，资阳市雁江区，眉山市仁寿县，乐山市井研县，阿坝州的汶川县、理县、茂县。清朝时期清代仍府治成都、华阳（在今四川省成都市区）。下辖：成都（县治在今四川省成都市区西北部）、华阳（县治在今四川省成都市区东南部）、双流（今四川省双流县）、温江（今四川省成都市温江区）、新繁（县治在今四川省成都市新都区新繁镇）、金堂（今四川省金堂县）、新都（县治在今四川省新都区）、郫（今四川省成都市郫县）、灌（今四川省都江堰市）、彭（县治在今四川省彭州市区）、崇宁（县治在今四川省郫县唐昌镇）、新津（今四川省新津县）、什邡（今四川省什邡市），共13县；崇庆（州治在今四川省崇州市区）、简（州治在今四川省简阳市区）、汉（州治在今四川省广汉市区）共3散州。
新都，你糊涂啊！这样的乡村旅游你不宣传？,https://www.xiaohongshu.com/explore/660aa7ed000000000401a795,5791c690bd0da55d3226547d,风车车观察,https://sns-avatar-qc.xhscdn.com/avatar/61965777815b0703afda629d.jpg,四川,2024.04.01,53,6,93,43,说起新都，你会想到什么？大货车？脏乱差？道路稀烂？这些都是过去式哈，如今的新都，就连乡村都足以让人刮目相看。	现在年轻人喜欢喝什么？咖啡！来看看新都的乡村旅游，真的把咖啡给大家安排地明明白白。	作为成都足球第一村，斑竹园三河村有Eleven·11咖啡店，主打成都第一家田野咖啡，环境真的不摆了，这里的老板娘据说还是刀锋球迷协会的人哦！（图三、四）	Eleven·11咖啡地址：三河村1组437号	军屯，新都天府粮仓精品区所在地，如今也诞生了一家10度咖啡，关键是还有一只“趴墙熊猫”坐镇，可爱程度不亚于IFS那只，拍照很出片。有顾客留言：看到咖啡店外观那一刻，心想：这是乡村IFS吗？（一、二）	10度咖啡地址：天星村静天路188号	川音艺谷，作为新都“用艺术点亮乡村”的集大成者，一出手就是“王炸”，这里直接安排了全四川第一家“乡村星巴克”，就问你服不服？是真的星巴克哦，环境清幽，不信大家去告嘛！（图五、六）	川音艺谷星巴克地址：石板滩街道宫王村二组66号
成都千万不能买的九个板块,https://www.xiaohongshu.com/explore/6564b8e9000000000f025eb9,6260098d0000000010007a60,小李说房,https://sns-avatar-qc.xhscdn.com/avatar/1040g2jo30rqascd8ii0g5oj0166k0uj0flncqm8,未知,2023.11.27,25,9,21,5,一、龙泉洛带板块，临近龙泉山，旅游确实是个不错的地方，但目前洛带有大量闲置的土地和老破小，各项配套匮乏，最近的地铁4号线离洛带开车要20分钟。二、龙泉阳光城板块，虽然距离龙泉大热板块东安湖直线距离不到5公里，但中间这5公里都是未开发的真空地带，两个板块天差地别，阳光城整个区域基本没有开发，板块配套不足，商业和教育配套缺乏，医疗配套，后期也暂无大型规划，板块内新房价格高达1.4万左右，板块内次新房大概7-9k，价格透支严重。三、双流牧马山板块，自然环境不错，居住可以，但是通勤麻烦，配套差，就算是这里的别墅，入住率也很低。二手房流通性也很差，当然如果你只是追求生态环境，社交几乎没有，你也可以考虑。第四、黄龙溪板块，位于成都西南侧，黄龙溪的项目大多都是打着文旅康养的旗号，以不限购，零首付为主要卖点，文旅项目除了环境好，其他啥也没有，如果再遇到一个不靠谱的开发商可能连房子都没有。第五、眉山视高板块，虽然不属于成都，但这是一个碰瓷成都天府新区失败的典型案例，靠中介把房价从3k多提到了一万多，但没有强有力的产业和人口支撑，楼市冷静下来以后，视高房价惨遭腰斩，目前天府新区都还没填满，你还想等天府新区外溢？第六、新都新繁板块，板块内众多家具厂、泡菜产业园，城市界面非常脏乱，各项配套不完善，板块内新房均价大多在7500左右，主力户型大概在100平左右，板块内部分次新房仅4k左右，这个板块就是一个典型的城乡结合部，板块二手房流动性非常差，非地缘性刚需自住不要考虑，地缘性客户建议优先考虑二手房。第七、新都龙桥板块，同样有很多家具厂和食品厂，板块内教育、商业医疗配套匮乏，环境较差，居住舒适度非常低，目前新房大概8k左右。二手房单价在6-8k。步梯房单价不到5k，龙桥对比新繁要稍微好点，但位置依旧偏远，配套差，居住舒适度可以说完全没有。第八、温江金马，对比前几个板块要稍微好点，板块内拥有滨河生态资源，并且还有国家级海峡两岸产业园。但位置和配套依然是硬伤，离市区太远，板块内没有大型配套，都是社区底商为主，板块内刚需盘大概在7k左右，改善盘大概9k左右，虽然价格不贵但也不建议考虑，因为每天通勤时间太长了。第九、郫县三道堰，位置非常偏，和成都主流发展方向相悖，城市界面老旧，二手房大概在3-5k，价格虽然便宜，但只适合地缘性刚需群体。
没想到吧！成都居然有乡村版IFS！,https://www.xiaohongshu.com/explore/6610fc73000000001b00de67,63c6119800000000260112ea,阿里嘎多美羊羊桑,https://sns-avatar-qc.xhscdn.com/avatar/1040g2jo30r7c345n18105ou626c9i4nacnmou18,四川,2024.04.06,60,12,67,91,新都军屯也有了自己的喜洲麦田！！😍😍就在天府粮仓精品区 不仅喜洲麦田还有s湾！适合遛娃 踏春 骑自行车 穿梭在麦田里太快乐了🎉还有麦田中的木头栈道 太适合拍照了📷据说这里是乡村版ifs熊猫🐼屁股快来当麦田首望者吧🌹🐾人均20+📍 10°咖啡乡村旗舰店（四川省成都市新都区军屯镇天星村静天路188号）
忠言逆耳！成都买房避开这5个地方,https://www.xiaohongshu.com/explore/651c2bb0000000002202bf21,61fce91d0000000010004585,成都牙尖消息,https://sns-avatar-qc.xhscdn.com/avatar/1000g2jo2oq6rkjak406g5ofst4ek0hc5rup9rqg,未知,2023.10.03,234,190,208,61,1.近郊五区不限购，宁愿不买房也不能碰的有，十陵洛带东山，蛟龙港九江牧马山，金马，安靖三道堰，新都新繁斑竹园，根本没配套，不仅现在在跌，还会站岗十几年。2.动物园青龙场龙潭寺，蓝谷地五块石琉璃厂，配套拉胯，没有持续的高精尖产业流入，城市界面相比二八板块杉板桥，三圣乡和国宾差多了，未来房价真的会跌。3.二手房踩踏潮已经来了，鸽子房老破旧老破小你敢买你就完蛋，就连金融城攀成钢套二套三的业主都在抛，你敢买真的胆子太大4.天府新区最近的高烧不退，除了科学城天C外法务区可以买，华阳老城文创城麓山万安锦江生态带也要慎重考虑。因为有的房子跌了不止20%。5.成都的公寓商铺和文旅盘严重过剩，甚至买房送公寓，文旅打8折，真的很惨，你敢买那你就做好首付亏完的准备。只需要一句话:哪个地方的房子贵就买哪里，肯定没有错，便宜没好货。
成都6⃣大寺庙完整攻略 交通饮食拜🙏,https://www.xiaohongshu.com/explore/65faff690000000013024a4d,64db79f2000000000100f259,小背包探险家,https://sns-avatar-qc.xhscdn.com/avatar/1040g2jo30nq1r0tcgg605p6rf7p09sipqm0vfog,未知,2024.03.20,362,9,483,303,近期 有进阶版  主打去各大寺庙拜一拜。正所谓，在上班和上进中选择了上香[好的]无论是什么理由去寺庙，都可以得到心灵的平静安宁。所以就总结了成都周边6大很灵验的寺庙交通，路线攻略～供大家参考，之后有机会一起去打卡～-1⃣文殊院 求学业2⃣大慈寺 求平安3⃣昭觉寺 求财运4⃣石经寺 求姻缘5⃣白云寺 求财运6⃣宝光寺 求运势另外也帮大家看了下就近可以吃的美食，不用纠结走累了吃什么啦1⃣洞子口张老二凉粉2⃣吼堂老火锅（太古里店）3⃣味之绝热血美蛙鱼（昭觉寺店）4⃣石经寺内素香斋5⃣彭大姐老店黄辣丁6⃣新繁老号豌豆汤饭店（宝光店）-寺庙参拜时注意服装，避免过于暴露。目前基本寺庙门口基本都提供清香三支，就不用自己买香啦。希望大家都可以得偿所愿啦
🔥太低调了|新都桂湖公园里不止有【升庵祠】,https://www.xiaohongshu.com/explore/65902eae000000001d0256b9,560ef92533f60c7bc96e483d,YOYOXI超爱玩,https://sns-avatar-qc.xhscdn.com/avatar/616467fca17f91b9d1ca6860.jpg,未知,2023.12.30,35,4,52,19,🌸春赞园林碧，夏赏荷花仙。🍂秋闻桂花香，冬照暖日阳！这是我儿时对桂湖公园的记忆！这记忆，差点让我错过宝藏。这里除了【升庵祠】，公园里竟然还有：	🗿桂湖碑林碑林，意为碑石丛立如林。历代书法名家的作品，都会被镌刻在石碑之上，以传百世。	🖌️桂湖碑林在升庵祠后面、有100多通，收集了历代新都文化圈儿里的名家作品，包括状元杨慎的【八阵图纪碑】、清代成都知府黄云鹄的【司马温公解禅偈】【致雪堂和尚书】、清代四川提督马维棋的《威候马公墓志》（即三国蜀汉名将马超）等等。	📜更难得的是，这里还收藏了苏轼、黄庭坚、文征明等誉满全国的大书法家的碑刻。它们或工整沉稳、刚劲有力，或飘逸酒脱、抒情达意……	⛩️东汉古墓细赏碑林的时候，一道半开的石门猛然出现，探头往里一看，才发现是一处古墓。左边放有石棺，墙上是汉砖画像。第二道重门，低矮且狭小。门后有耳室、主墓室等。	这是供游客了解东汉墓葬文化的人造墓室，更多的历史文化遗产都陈列在新都博物馆中。	🏛️新都博物馆-碑林正门对面	新都，在古蜀王开明时期就是政治中心。正因村遗址和马家战国木椁墓的发掘，证实了这里曾经的繁荣经济。	战国的牛头纹铜矛、铜斤、直腰铜钺，巴蜀图语铜印，蛇纹铜剑……东汉日神画像砖，谒车画像砖，鼎人画像砖……	[点赞R]小而美的博物馆里，国宝比比皆是[哇R]	🌳【升庵祠】⭐️稚子不知桂湖来，今朝才闻旧书香。📖桂湖公园里的书香，来自明朝状元杨慎。他自小敏而好学，天赋卓然，熟读史书而不死板，才高八斗而不胜傲，终于在明武宗（朱厚照）正德六年，状元及等。	🌸他曾遍种桂花的花园，成了如今的桂湖公园。后人在此建祠纪念，并用他的号为祠堂命名，即【升庵祠】。	桂香迎贵客，盼君重游此地，数战国东汉国宝，品书法大家名作，沾状元聪慧之气！	[一R]交通：导航🧭杨升庵博物馆或新都博物馆都可停车场🅿️：有，但车位少公交🚌：地铁🚇3号线到钟楼站，c口出，转X06、X02、X12、X11B公交车到广桷树公交站，步行150米即到	[二R]游玩时间：全部游览3小时起[三R]门票🎫：博物馆免费，讲解80元/场桂湖公园+升庵祠+碑林：20元/人
盘点成都9大“奇葩”小区名！,https://www.xiaohongshu.com/explore/643f23710000000011010f61,5ea29b1900000000010055dd,成都猫姐,https://sns-avatar-qc.xhscdn.com/avatar/6406ecbc8f3bde267747d038.jpg,未知,2023.04.19,14,37,58,20,成都这9个小区名字略显“奇葩”，我估计你应该没全部听过，看看有没有你家呢！	1、我的大学坐标新都区大学城板块，不知道开发商取这名字有没有经过马克西姆·高尔基同意。	2、成都玩家坐标天府新区天府大道南段，这名字看起来更像是在搭建一个平台，不知道进去入住的要不要先测试一下电竞水平。	3、流星花园坐标锦江区东大街，一听名字就知道很有年代感，不知道我道明寺哥还在不在里面。	4、果壳里的城坐标龙泉驿北泉路附近，这名字给人感觉有点童话哦。	5、双楠所有阳光这个坐标不用说了吧，名字有点“过分”，你把所有阳光都拿走了，别人咋办？	6、山顶上这个听名字还以为是在龙泉山上，或者是啥考古发现的山顶洞人，你知道它在哪里吗？	7、富豪公馆坐标新都，这名字没个上千万的家底住进去怕是有点虚哦。你问他住在哪里，他说我住在富豪公馆，这对话会不会以为在开玩笑。	8、3号线坐标武侯区，这个三号线不是地铁三号线，有没有家住三号线，上班坐三号线，工号是三号的“333”豹子号打工人。	9、亲亲里坐标金牛区金科西路，一听名字就有种其乐融融的感觉，只是名字也就是名字，如果名字能真的让大家更亲近，那建议成都之前修围墙的某小区把两个名字都改为：相亲相爱一家人。	在成都，你还知道有哪些“奇葩”的小区名？
这也太夸张了吧！做得一模一样？,https://www.xiaohongshu.com/explore/6561d709000000001f02d2ec,5fc12035000000000101c64c,一口吃不胖,https://sns-avatar-qc.xhscdn.com/avatar/643ff160b2b360267e41293c.jpg,未知,2023.11.25,3,1,8,3,这氛围真是绝了！文艺和美学拉满的清酒吧！万万没想到，新都居然藏着这么宝藏的清酒吧！精致高级的氛围，浪漫感也很到位💕不得不说，出品真的很绝！以东方美学为灵感，文艺气息扑面而来每一款酒水都是颜值和口感并存建议酒鬼们千万不要错过这家宝藏清酒吧！现代简约风格，时尚又不失品味超长的吧台，是调酒师们展现魅力的舞台有卡座也有包间，约会聚会都很合适～✔️我有明珠一颗正如这和名字，口感真的很惊艳！龙舌兰和汤力水，加上紫苏柚子和青柠口感清洌爽口，看似平淡如水，入口直击灵魂✔️一叶一菩提伏特加，清酒🍶，雪莉酒，这样的组合实属难得里面还加入了龙舌兰糖浆，风味更绝～丰富的口感，颜值也无可挑剔！🏡「麻省后院Mini&Cocktails·Whisky Bar」📍新都区万堤路86号
有人想要在这样的神仙公司上班吗？,https://www.xiaohongshu.com/explore/65fab8b10000000012032337,5a5eb7a411be105d993b4b83,小红薯EBBDECCD,https://sns-avatar-qc.xhscdn.com/avatar/645b7f4a9262aeee795c99e7.jpg,未知,2024.03.20,1,25,4,2,🎈超棒的工作氛围和无敌nice 的同事，每天体验与众不同的年轻职场🌈这里没有勾心斗角，只有共同成长和进步的伙伴！🎯年轻就是资本，在这里，你的创意将点燃无限可能！🥳日常茶歇、节日福利、各类团建活动嗨不停🙉🎓各种培训和晋升机会，助力你的职业发展一路畅通！🎓❤想做同事的友友们后台踢我（每天打招呼次数有限😘）
论乡村振兴，新都在成都二圈层排第几名？,https://www.xiaohongshu.com/explore/661ff09e000000000d0301a7,5791c690bd0da55d3226547d,风车车观察,https://sns-avatar-qc.xhscdn.com/avatar/61965777815b0703afda629d.jpg,四川,2024.04.17,8,12,16,13,我滴个妈呀，现在成都搞乡村振兴都那么卷了吗？	新都在打造天府粮仓精品区的背景下，居然在军屯镇修了一栋特色建筑，趴在墙上的滚滚别提多乖了，真想把它抱走，建议出个周边吧，毛绒玩具之类的都行。	这栋建筑的内核，其实是一家咖啡馆，还是三层布局，二楼和三楼都可以眺望一望无际的麦田，如果天气好的话，还能看到连绵不断的群山，相当震撼。	众所周知，现在年轻人普遍比较喜欢喝咖啡，感觉是一种调性的生活方式，如果乡村旅游也能满足咖啡需求，还能顺便带来打卡经济的话，那就很巴适了。显然，新都在这方面又走在了前列！	不说了，我就想问一句，新都这样搞乡村振兴，在成都二圈层能排第几名？[偷笑R][偷笑R][偷笑R]
我能做到么？❣️,https://www.xiaohongshu.com/explore/651a5db7000000001d03af6f,5bc5ff9d1b638c000134288f,🌈Eugene🏵王咪多🎐,https://sns-avatar-qc.xhscdn.com/avatar/1040g2jo310og6veq6a604bfualvpqa4f9co028o,未知,2023.10.02,35,112,297,42,一次性骑行，计划2-3天吧，休息瞌睡可能是个问题。	XDS极速300平把公路出战，装有休息把手，后视镜，后架，收放驮包，前兜包，水壶架，手机架。2速干衣，1外套，5百变巾，3髌骨带，备内胎/外胎，3充电宝，眼罩，运动手表，2手机，2头灯，2尾灯，少量食物路上很多超市，少量水路上很多自来水。	1630点：骡马市出发！就算挑战失败也赚大把卡路里。1700点：从正南上三环，顺时针，50km用2小时。1830点： 完成三环@天府立交，中间有休息和拉粑。1930点：从正南上四环绕城绿道。0100点：完成绕城，顺时针，100km用近5小时。累积里程160km。0130点： 出发往正南二绕外（黄龙溪），画棒棒糖🍭把柄。0330点： 越过二绕，到达最南躺把柄处，往回折。单边离市中心45km，妈哟没意料到，这程被消耗的太狼狈了❤️‍🩹。累积里程200km，消耗5500卡。0530点： 上5环，华阳麓山开始逆时针。目前骑行10小时，消耗6000卡，里程220km。0930点： 在270公里洪福镇摔了，没大碍，左手触地上软组织受伤。后面单手掌舵发力直接导致配速拉胯了，随之而来的是急剧屁股磨痛，肩酸，腰酸，腿肌和右手负荷是肯定的。1100点： 路边吃面，补瞌睡，充电。摸了2小时。1400点：经过斑竹园1500点：经过新繁1700点：经过团结，郫都1800点：经过温江1930点：过应天寺后因操作不当，把后变速拨搞断了。[哭惹R][哭惹R][哭惹R][哭惹R][哭惹R] 下载注册货拉拉。	2100点： 挑战失败，灰溜溜到家了。	总结：1. 本次收获了10000卡路里，还是挺好的。2. 且把这次囧当做摸底探路，过两周车修好再战！3. 复盘了很多优化方案，路线，时间，装备，睡眠，踏频/摇车/心率，车调试等。
关于升庵古镇的古不古1,https://www.xiaohongshu.com/explore/65d5cdb00000000007005f8f,6162dcae000000001f03766f,RAIN DUCK,https://sns-avatar-qc.xhscdn.com/avatar/619d13eec34163c2e3859b71.jpg,未知,2024.02.21,38,38,39,11,突发奇想骑车短途一趟骑过了大丰干脆再往前走一路来到了升庵古镇这里是以明代新都县状元杨升庵而命名的他曾经踌躇满志归来却空空行囊从古至今历史规律都没有变过我来到这个古镇还在年里已经下午四点没有什么旅游景点更多的是一种静静的眷乡之情一种安静的陈旧感
恭喜你，找到了只做户外家具的厂家,https://www.xiaohongshu.com/explore/65f43a470000000012037cfe,602cb42d000000000100215f,SL森里户外家居,https://sns-avatar-qc.xhscdn.com/avatar/637b27578d16f100017a4608.jpg,未知,2024.03.15,0,2,0,0,位于成都市新都区新繁街道花香果居新崇路的四川森里户外家居，展厅更新完毕了图片是最火的MK系列户外沙发，欢迎大家到实地看材质、做工、工艺
成都 云华山⛰️,https://www.xiaohongshu.com/explore/652e3555000000001d03961b,622e99820000000021024979,小兔仔紫,https://sns-avatar-qc.xhscdn.com/avatar/1040g2jo30thrkv7ckq005ohej618cibp2jsl1e8,未知,2023.10.17,1,15,8,3,从新繁出发高速一个多小时，导航“云华山”，终点有村民收停车费10元，有个小摊卖有饮料和小吃。厕所在🅿️旁边的庙子里，收费一元一位。今天去天气不是很晴，旁边阿姨说要穿鞋套不然路上很多稀泥会把鞋弄脏，当时我还半信半疑的买了鞋套，结果后面发现真香，幸好咱们听劝[偷笑R]（当时阿姨只说有一段路是稀泥路，结果全程稀泥路）	起点到登顶时间半小时左右，到顶了看见右手边有条水泥路 但是不是到起点哟，后面有个大叔问要不要搭车下山200元一车，我觉得有点贵，咱们还没那个必要，旁边还有滑翔伞的问了是980一人。	上山不是很困难，下山才是真的困难，上山走大路，下山必须走旁边踩出来的小路，真的巨巨滑，下山我必须把旁边的树扶着，真的巨锻炼核心力量哈哈哈哈
那些藏在巷子里面的浪漫基地🧡,https://www.xiaohongshu.com/explore/653a14920000000025015c94,5b1aa291e8ac2b7d8c3cf49b,NNujUiL～,https://sns-avatar-qc.xhscdn.com/avatar/63a6cd4dcd78e0c5472c600b.jpg,未知,2023.10.26,11,2,8,2,属于下雨天的浪漫超级适合坐在屋檐下吃烤🥩太浪漫啦店家一定是个浪漫可爱的人适合约会 聚餐冬天还可以围着火炉喝茶喔
在成都吃吐了。。但还念着😂😂😂,https://www.xiaohongshu.com/explore/66264f6b000000000d032c6c,58cdf96550c4b428a07d80e1,游来游去,https://sns-avatar-qc.xhscdn.com/avatar/6268d9a555dfdbf26367c4b9.jpg,江苏,2024.04.22,3,0,4,0,都江堰-成都-乐山 自驾游一趟，胃口吃废了[哭惹R]可是，只吃了成都美食的一小部分，不甘心[笑哭R]说说一路吃下来的感受[打卡R]都江堰[种草R]炸土豆- 第一次吃这种自己掌控火候的油炸方式，很有意思！都是当地人去吃～ 土豆必点！ 肉很新鲜，炸完蘸料很好吃。[赞R]就是太油了[汗颜R][种草R]传说中的张醪糟- 只收现金，人很多。就是红糖或酒酿+糯米团子。个人感觉味道一般[汗颜R][种草R]赵卖面：红油抄手太好吃了！！ [大笑R]连辣椒汤都喝了[笑哭R]牛肉面也好吃！避雷粉蒸肉！ 我不是那么爱吃甜水面，就甜甜的一根面[汗颜R][种草R]新繁牛肉豆花： 吃完赵买面去吃的， 依然喝了一整晚豆花和黑芝麻炒手！都很好吃！ 我又把炒手的汤喝了。。然后一整天胃口不舒服。。但不是美食的错，都是我的问题！ ！[笑哭R][笑哭R][笑哭R][种草R]豆浆馍馍： 很清爽， 淡淡粽叶味道，玉米面也很香	[打卡R]成都（在都江堰吃吐了，影响力在成都的发挥[汗颜R]）[种草R]蛋烘糕： 要的奥利奥馅的，奶油不腻，感觉一口客吃俩[种草R]糖油果果：又是糯米，属于打卡零食，没啥特殊[种草R]奎星楼走一走！石灰石炒鸡公（芋儿鸡）- 冲哇！芋儿鸡，辣到流鼻涕也停不下来[笑哭R]卤鸡爪，鸡汤泡饭有特色。 最爱酒酿冰豆花！又甜又冰又解辣，炒鸡好吃！[派对R]	[打卡R]乐山（都在东大街附近）[种草R]甜皮鸭- 一趟下来吃过最好吃的肉！吃现做的！根本停不下来！ 回家后除了炒手最想念的菜！[种草R]钵钵鸡- 多浸在汤里一会儿，更入味！ 感觉蔬菜比肉好吃[种草R]饭后甜点- 推荐绵绵冰！蛋烘糕都差不多味道，没有成都市内的好吃[笑哭R]建议量力而行，携带消食健胃片[大笑R]
成都120个情侣约会地盘点,https://www.xiaohongshu.com/explore/64ad7992000000002f0268c6,636ddd5e000000001f01a3e5,丫丫的旅行日记,https://sns-avatar-qc.xhscdn.com/avatar/646db552f4560cf42860f087.jpg,未知,2023.07.11,5823,166,5439,1275,✅打卡宝藏古风公园：望江楼公园浣花溪公园百花潭公园棠湖公园易园园林艺术博物馆新都桂湖公园文殊院望丛祠天府艺术公园·蜀园流诸葛故居武侯祠杜甫草堂.✅浪漫夜景打卡地：锦里天府熊猫塔五岔子大桥九眼桥━安顺廊桥春熙路━太古里交子大道宽窄巷子铁像寺水街锦门民国小镇琴台路尤泉山风景区.✅一起逛高颜值书店：钟书阁知了书店馥园·琦穷文轩BOOKS（招商店)几何书店言又几成都书房無早书店三联韬奋书店鹿溪馆里图书馆方庭书店同楷书店新山书屋(天荟万科店)大地书房.✅博物馆穿越之旅：四川博物院成都博物馆金沙遗址博物馆成都川菜博物馆华希昆虫博物馆成都川剧艺术博物馆成都蜀锦织绣博物馆成都泰迪熊博物馆成都永陵博物馆建川博物馆四川大学博物馆.✅欢乐游乐园耍翻天：欢乐谷大熊猫繁育研究基地海昌极地海洋世界海滨城浩海立方海洋馆红尾狐卡丁车星际传奇电玩城成都JUmP360床馆成都国色天香环球天堂岛水上乐园黄龙溪欢乐田园音乐百花谷水乐园融创乐园/融创水世界/融创雪世界.✅走进古镇慢生活：黄龙溪古镇洛带古镇安仁古镇街子古镇怀远古镇平乐古镇五凤溪古镇元通古镇三道堰古镇泰安古镇西来古镇.✅网红创意拍照地：秀丽东方漫花庄园东郊记忆U37创意仓库梵木创艺区西村iBOX创意空间鸳鸯楼环球中心蓝白小镇无里创意工厂二仙桥公园戛纳风情廊桥龙潭水乡.✅本地人推荐的美食街：祥和里建设路奎星楼街海椒市玉林镋钯街华兴街香香巷红牌楼一品天下暑袜街.✅参与沉浸式剧本杀：乐境印象·樱放大镜沉浸空间migroup沉浸式剧场环球魔力壹点探案沉浸式剧本杀长藤实景探案馆青城山《春》和《夏》街子古镇《青天鉴》平乐古镇《卧龙秘宝》洛带古镇《汉末天下》叁千世界沉浸式体验馆局中局（春熙路店）心机之蛙沉浸式推理探案馆.✅秋季一起露营野餐紫坪铺水库崇州小鱼洞亮火虫篷友营地蔚然花海营地......更多详情请看上图哇！
13个点！张杰外南街🆕保姆级打卡攻略,https://www.xiaohongshu.com/explore/65d37d6c0000000007006eb9,63233dcf0000000015015ab6,身怀绝技的星,https://sns-avatar-qc.xhscdn.com/avatar/6360cdefa86b5fd6f4a3a749.jpg,未知,2024.02.20,639,79,590,75,📸一月底去了一趟外南街📍按P2路线➡️走路+拍照+吃饭总用时约2.5h🔈从市中心过去需要地铁换乘公交约1.5h，在中心医院公交站下车，走50米到停车场和电线杆的位置，就可以开始我们的外南街打卡之旅咯🎶-一共13个打卡点⬇️⭐️一起走过杰小时候长大的地方！1⃣P4杰23年1月wb同款📍地砖+电线杆（6张原图以及如何找同款地砖见下一篇笔记）2⃣P5📍繁江小学3⃣P6📍新繁幼儿园4⃣📍郝记牛肉米线（就在附近，但我没找到[捂脸R]）5⃣p7-9📍陈妹小吃6⃣p10📍老公房大院7⃣p11传说中的📍新都二中8⃣p12wb同款📍黄包车壁画9⃣p13wb同款📍东方明珠壁画🔟p14📍外南街19号1⃣1⃣p15📍外南街82号1⃣2⃣p16-17📍新公房大院（外南街147号）1⃣3⃣p18📍外南街蓝色路牌
乱买，直接损失几十万,https://www.xiaohongshu.com/explore/65e6efe00000000003032ead,655d7462000000000800027d,A小酒窝咨询,https://sns-avatar-qc.xhscdn.com/avatar/1040g2jo30vehb1sj66005patehh200jtv78e8d0,未知,2024.03.05,0,0,1,0,[流汗R]目前成都一些板块的新房开发商已经悄悄的在调整价格，二手房业主急卖的直接几万几万的降[钱袋R]那现在成都还能买房吗?可以买，不过一定要选好板块，如果你不想当韭菜，这些版块都不要去碰，这些地方买了直接站岗[一R]第一，天府新区的华阳老城区，城市界面已经固化，现在是啥样，未来也会是啥样，不要说增值了，能保质就算不错了[二R]第二，双流的牧马山，有人说那边是别墅区，空气好，听起来是很不错，但那边最基本的居住属性都没有，真的是很不方便[三R]第三，龙泉的阳光城板块，虽然离东安湖比较近，但它自身的板块没得实质性的新规划，一直都是老样子，很长段时间都不会发生大的变化，而且周边的二手房成交的周期相当长。[四R]第四，新都的新繁，温江的金马，郫县的安德、三道雁、双流的黄龙溪等等。这些二圈层的边缘城市只有两种购房者可以选择，第一种是当地人🏠第二种是买来养老的	。我实在想不出让年轻人去购买这些板块的理由。[五R]最后再补充一条，真正贵的地方，炒房客一般是不会去碰的，除了资金利润率比较低以外，炒房客他也知道什么样的人群会去接盘我们老百姓买个房子，这些坑要是掉进去了，怕是在未来几年甚至十多年都需要弥补这个坑，所以在你决定买之前，可以参考我上面的一些意见，如果还有什么不明白的，你也可以跟我详细聊聊，凭良心给你解答总之，在买房时务必要慎重考虑，多做研究，了解自己的需求和预算，以及所选板块的发展前景。
成都一个人发呆的好地方,https://www.xiaohongshu.com/explore/64c0bda1000000000b029d8f,5ee0cfe6000000000101f948,野生果赖,https://sns-avatar-qc.xhscdn.com/avatar/64b7ff7f1e14e13790c2357c.jpg,未知,2023.07.26,39,3,30,8,新津观音寺，偶遇一场雨。	四川明代壁画有五绝，新繁龙藏寺，蓬溪宝梵寺，广汉龙居寺，剑阁绝苑寺，还有就是新津观音寺。	1️⃣毗卢殿这座始建于南宋淳熙八年的寺庙，成都下雨，更显幽静。梁思成曾称赞毗卢殿壁画“工整秀丽，备极妍巧”，大殿内壁画在2020年已由敦煌文物保护团队完成修复，这就是壁画看起来有“敦煌”影子的原因所在。	2️⃣观音殿尚存有建于明成化十一年的塑像653尊，高达2.5米的漂海观音雕像称为“稀世珍品”，观音殿正在修缮之中，暂不对外开放，只能远远望着。	🚗自驾导航：新津观音寺🚍公共交通：新津517/522路观音寺站	本来觉得运气不好，刚上山就遇到一场成都暴雨。没想到山中古寺听雨声，发呆什么也不想，是一件这么治愈的事情呐……
